Customer_id,First_Name,Last_Name,Date_of_Birth,Street_Address,City,State,Zipcode,Email,Sex
1,Brenda,Harris,1944-11-11,7998 Johnson Locks Suite 899,Hallton,NC,2993,awilliams@example.org,F
2,Robert,Stewart,1998-09-17,9576 Evan Stream,South Maurice,IN,67037,adamsdeborah@example.com,F
3,Jeffrey,Stout,1989-09-27,5729 Justin Summit Apt. 722,East Catherine,CT,55024,sandra72@example.com,M
4,Sherry,Snyder,1971-12-20,5228 Lindsay Junction Suite 193,New Jeffreyview,MA,47063,jasonwilliams@example.org,F
5,Kayla,Carrillo,1959-01-06,077 Theresa Tunnel,Port Annahaven,CT,22396,paula89@example.net,F
6,Crystal,Pitts,1949-02-24,125 Fuentes Crossing Apt. 760,Port Lisa,MA,38086,eric47@example.net,F
7,William,Miller,1994-11-04,86326 Hardin Mount,Sherrymouth,FL,1804,jennifer65@example.net,M
8,Jennifer,Holmes,1937-07-25,60290 Barnes Springs Suite 550,Rachelberg,UT,53445,millerleroy@example.org,F
9,Sean,Harris,1950-07-16,41085 Hardy Streets Apt. 884,North William,ME,68833,zterry@example.net,F
10,Matthew,Reid,1964-03-18,46810 Green Parkways Suite 101,Evanstown,NH,44931,johnsonlaura@example.net,F
11,Tonya,Trujillo,1954-09-21,683 Mark Prairie,Port Kimberly,NH,13344,michaelmitchell@example.net,F
12,Dwayne,Simmons,1953-06-01,3715 Chapman Path,Wigginsshire,NM,83923,dmiller@example.com,F
13,Rodney,Alexander,1960-08-20,277 Tammy Passage,Lake Jasonfort,AZ,98345,adennis@example.org,F
14,Eric,Hansen,1999-09-12,408 David Inlet Suite 447,Port Douglasshire,MT,6877,guzmanricky@example.org,M
15,Sharon,Torres,1996-03-21,06794 Mccullough Tunnel Suite 792,New Dana,WV,59474,jason70@example.org,M
16,Elizabeth,Hernandez,1960-09-01,65807 Brewer Way Apt. 094,Lake Anitaborough,RI,71520,christopher99@example.com,M
17,Barbara,Brown,1936-01-30,820 Buchanan Gardens,Millerside,PA,42500,karenshaw@example.org,F
18,Richard,Williams,1992-04-02,4111 Justin Falls Suite 124,Gregoryton,RI,43137,morganhenry@example.org,F
19,Howard,Reeves,1953-10-13,6103 Karen Radial Apt. 788,Averyview,AR,42225,peter52@example.com,F
20,Steven,Russell,1968-05-08,8913 Kevin Lodge,Millerhaven,IL,19161,ojohnson@example.org,M
21,Nathaniel,Galloway,1943-07-26,07942 Brian Orchard Suite 946,Meganborough,OR,67390,amandahenderson@example.net,M
22,Juan,Martin,1946-07-19,846 Cheryl Unions,Nicolemouth,SC,34758,turnerrandall@example.org,M
23,Tiffany,Zimmerman,1963-01-26,502 Chelsea Avenue Apt. 268,Farmerside,CO,85579,john55@example.org,F
24,Denise,Ryan,1993-06-09,2017 Mayer Mills Apt. 304,Jamesport,FM,94585,wchambers@example.com,M
25,Jeffrey,Baird,1953-01-25,61498 Jackson Fields,North Brianna,WA,9027,benjamin79@example.org,M
26,David,Mahoney,1973-10-20,089 Becker Motorway,South Danielleton,MD,57195,nicoledaniel@example.com,M
27,Megan,Russell,1972-11-09,304 Patel Island,South Jamesland,OK,3826,fraziersteven@example.com,F
28,Veronica,Perez,1964-05-10,4110 Reynolds Burg,Marybury,CT,62573,prosario@example.org,M
29,John,Peterson,1984-08-19,971 Riley Corner,North Nicholasland,WY,17217,underwoodapril@example.org,F
30,Bryan,Lang,1999-08-17,080 Horn Locks,New Karenbury,PA,86972,turnerconnie@example.org,M
31,Claire,Chavez,1996-01-31,0785 Daniel Bridge,New Kristineborough,OK,17013,npope@example.net,M
32,Dana,Scott,1959-04-07,20024 Palmer Run,Larryside,WI,19588,nolson@example.com,F
33,Dylan,Parker,1964-08-17,38806 Gonzalez Flats,Port Casey,ID,88038,kelly08@example.net,F
34,Thomas,Holt,1968-05-22,465 Daniel Wells Apt. 730,Lake Jerry,RI,28437,vgreene@example.net,M
35,John,Navarro,2001-08-09,50150 Douglas Mill,Lake Brenda,WV,47675,lindsay63@example.com,M
36,Bradley,Johnson,2000-11-16,8323 Gregory Greens,North Marieberg,MS,86336,justinrobinson@example.com,M
37,Kristin,Rodriguez,1973-03-22,961 Drew Curve,East Amanda,UT,49555,kevinallen@example.com,F
38,Louis,Jordan,1945-01-04,425 Brian Underpass,Moniquehaven,OR,64593,samanthahines@example.net,F
39,Jason,Miller,1954-06-22,685 Stone Fall,Jenniferhaven,UT,63847,ngibbs@example.org,M
40,Jennifer,Simpson,1942-09-14,73634 Oneal Ports,Port Neil,OH,11610,bianca90@example.org,F
41,Dennis,Miller,1952-09-13,8956 Mcdonald Lodge,Lindamouth,KY,50619,ostone@example.net,F
42,Angel,Alexander,1945-02-14,3111 Johnson Flats,Jamesmouth,KS,40178,deanna51@example.com,F
43,Julie,Mack,2002-07-07,44566 Thomas Passage Apt. 633,South Jesus,OR,72933,james92@example.net,F
44,Katherine,Sharp,2000-10-24,6377 Nicholas Ports,West Sherry,AL,66010,fpeterson@example.com,M
45,Lisa,Flowers,1969-07-19,9090 Eric Isle Suite 636,New Paulfort,CT,43602,jeremiah66@example.net,M
46,Ashley,Hayes,1975-06-08,970 James Lights,Jamieport,TN,69234,christopher18@example.org,F
47,Chad,Brown,1992-10-26,12867 Paul Way Apt. 234,Meyersfort,GA,79630,jacksonmichele@example.com,F
48,Barbara,Collins,1952-08-11,27169 Alicia Port,Stevensshire,AZ,97139,waynecohen@example.com,M
49,Christopher,Lucas,1959-02-08,263 Rachel Street Suite 762,South Hollyton,IA,21201,treed@example.com,M
50,Joshua,Fuller,1943-01-29,151 William Tunnel Suite 672,Jaredton,NH,4002,elizabeth13@example.com,F
51,Charles,Neal,1998-04-08,0041 Mark Summit,Washingtonland,CO,72384,vjames@example.com,M
52,Diane,Reeves,1952-10-30,91241 Jackson Skyway,Lake Joshuamouth,MI,23823,rtaylor@example.org,F
53,Jay,Johnson,1998-05-21,4709 Brandon Lane,East Nicholas,IA,26713,scottwilliams@example.net,F
54,Christopher,Fisher,1955-11-10,12206 Lisa Islands,New Jamie,ND,52282,rogersjames@example.net,F
55,Sheila,Martinez,1970-09-07,506 Stephen Circles Suite 950,East Robertfort,CT,93893,danielmorris@example.org,F
56,Amanda,Mooney,2005-05-13,252 Spence Shores Suite 150,Reyesbury,NY,77501,johnathandavis@example.com,M
57,Janet,Smith,1948-11-21,639 Brian Landing,Phillipsberg,MS,27290,jensenpenny@example.com,F
58,Dawn,Young,1996-03-19,0864 Jeremy Street Suite 533,Lake Vanessabury,PA,50503,vstevenson@example.org,M
59,Adrienne,White,1976-03-24,232 Glenn Plaza,East William,NE,95526,browntravis@example.org,F
60,Stuart,Martin,1940-10-02,9734 Miller Lake Suite 627,Hendersonchester,WV,20932,johnthompson@example.org,F
61,Lori,Leon,1968-05-15,828 Jonathan Mountain Suite 746,Jonesberg,VT,62007,gillronald@example.org,M
62,James,Hendricks,1965-08-11,6665 Burns Row Apt. 601,Frederickburgh,ID,57687,smithvincent@example.net,M
63,Susan,Wise,1941-12-22,663 Tim Via,Crystaltown,UT,87752,william75@example.net,M
64,Deanna,Green,1940-02-24,920 Kelli Row,Sandersshire,CO,68466,jblackburn@example.com,M
65,Renee,Liu,1963-05-11,461 Daisy Trail Suite 243,Haletown,GA,64952,mariaking@example.com,M
66,Aaron,Jones,1977-09-11,25223 White Creek Suite 932,North Karen,FM,25651,pwarren@example.com,M
67,Jordan,Barrera,1975-07-25,41614 Matthew Prairie,South Todd,WV,13714,nalexander@example.org,M
68,Albert,Adams,1987-11-30,80698 Frederick Mountains,Cassandramouth,MN,89873,ortegakristina@example.org,M
69,Pamela,Key,1984-12-14,5107 Hardy Dam,New Davidhaven,KY,92155,shelleyortega@example.com,F
70,Karen,Wright,1948-01-26,305 Cynthia Well Apt. 573,Rossland,MI,56588,qmontgomery@example.com,F
71,Sheila,David,1934-12-19,9328 David Underpass Apt. 487,South Stephanie,NJ,87354,shatfield@example.org,F
72,Amber,Sanchez,1967-08-20,0256 Robinson Glens,Lynnville,TN,18294,karenkeller@example.org,F
73,Sandra,Schultz,1999-03-02,915 Kent Summit,Valdezside,NE,31088,sdavis@example.com,F
74,Jeffrey,Wilson,1969-06-17,195 Melissa Light,West Bryanside,ID,51376,rodriguezmatthew@example.net,M
75,Tina,Flores,1962-02-20,60875 Lisa Hill,South Erin,FL,79336,lauren28@example.net,M
76,Justin,Burgess,1968-03-13,9737 Padilla Lane,Port Masonborough,VA,30001,georgekyle@example.net,F
77,Isabella,Williams,2003-09-28,86567 Todd Lock,New Jessicaport,UT,26072,melissaluna@example.com,F
78,Jacqueline,Kelley,1971-09-26,472 Scott Orchard,Phyllisborough,IL,98592,andersonkaren@example.net,M
79,James,Curtis,1943-04-29,6201 Mccann Fall,North Tinamouth,OR,57362,jessica91@example.net,F
80,Tara,Sims,1937-10-22,4926 Kimberly Way Suite 475,North Darrylville,NM,84571,hsanchez@example.org,F
81,Elizabeth,Hicks,1983-05-21,192 Washington Rue Suite 492,West Bryanside,HI,53628,matthewsvanessa@example.com,F
82,Lisa,Smith,1943-08-26,12920 Mcbride Crossing,East Baileyburgh,CO,74228,lbrown@example.net,M
83,Jonathan,Mullins,1950-09-18,0340 Hopkins Mills,New Tracy,MD,69007,whitneywilliam@example.com,F
84,Renee,Shea,1997-02-12,32432 Brittany Harbors,Lake Cindy,CA,72570,haileybates@example.org,M
85,Jonathan,James,2002-06-23,283 Crystal Grove Apt. 598,South Lorraine,MD,57337,ricardomiller@example.com,F
86,Nicholas,Maynard,1951-02-14,51554 Misty Fork Suite 016,South Stephanie,WY,16688,chrismartinez@example.org,M
87,Gregory,Chandler,1961-04-30,948 Lawson Causeway Apt. 562,Lindaside,OH,78438,brianna71@example.net,F
88,Nicole,Powell,1958-04-12,226 Brown Stream,Jasminebury,TX,80284,jonathonparks@example.net,F
89,Robert,Ellis,2000-12-08,6834 Stacey Lodge Suite 111,North Frederick,AR,11587,zandersen@example.com,F
90,Julia,Spencer,1999-05-13,7881 Smith Field,Lake Ronaldside,WA,45728,astokes@example.com,M
91,John,Stevenson,1935-12-01,15285 Roberto Light,West Tara,MA,89507,lawsontami@example.net,F
92,John,Ryan,1971-06-28,96348 Savannah River,Browntown,RI,60840,robertstimothy@example.com,M
93,Mark,Gomez,1965-09-25,16731 Robert Oval Apt. 243,Fosterport,MN,56644,baileyjennifer@example.com,M
94,Patricia,Herrera,1963-06-01,6053 Jake Canyon,South Robert,MA,4643,daniel77@example.org,F
95,Ethan,Gonzalez,1990-12-30,8725 Shaw Streets Suite 211,East Erichaven,AL,90211,rmoyer@example.org,M
96,Joel,Gregory,1968-01-23,4716 Christina Stream Apt. 341,Virginiabury,TN,56751,russell90@example.com,F
97,James,Mccarthy,1965-09-01,231 Richard Harbor,East Ronald,RI,26668,hayneswayne@example.org,M
98,Christopher,Williams,1953-02-21,56708 Schneider Hollow,West Michaelstad,VT,55298,swarren@example.net,F
99,John,Jacobson,2005-04-24,47491 Lopez Overpass Suite 541,Lake Alexanderside,WI,17580,blakewilliams@example.net,F
100,Mark,Figueroa,1984-07-14,43961 David Summit Apt. 093,Lake Sean,CT,10315,julia98@example.net,F
101,Shelly,Montgomery,1945-08-04,23684 Jacobson Mission,South Carloschester,NC,66544,jessica38@example.net,M
102,Krystal,Jackson,1990-08-12,367 Gabriel Terrace,Hartfurt,MO,80090,heather24@example.org,M
103,Joseph,White,1970-09-14,844 Kenneth Grove Apt. 230,West Benjamin,FL,36907,ashleyvargas@example.org,M
104,Sara,Nelson,1963-12-25,59551 Bowen Lodge,Markton,SC,1865,dayjohn@example.org,M
105,Madison,Robinson,1959-08-21,649 Lisa Forges,Josephshire,SC,99184,gregory08@example.net,M
106,Randall,Griffin,1983-11-12,72239 Harding Falls Suite 042,Port Phillip,PA,25122,erichardson@example.org,M
107,Chad,Jones,1951-10-18,820 Nicholas Brooks,Port Alexanderton,DC,33051,spencerbrewer@example.com,F
108,Kayla,Adams,1960-11-25,132 Malone Mills Apt. 457,East Brian,UT,35557,sparksalbert@example.org,M
109,Courtney,Martinez,1951-01-01,03036 Hernandez Shoal Suite 361,Jacksonville,IN,13835,garciakenneth@example.net,F
110,Stephanie,Campbell,1950-07-13,226 Greene Springs,Hernandezport,RI,38119,gilbertdavid@example.org,M
111,Michael,Garcia,1968-03-09,22526 Griffith Turnpike,Briggsville,OK,56528,qstanley@example.net,M
112,Susan,Ramirez,1959-11-25,7676 Taylor Shoal Apt. 668,Ryanfort,ND,70783,morrisdavid@example.com,F
113,Lori,Cruz,1948-06-18,135 James Vista,West Angelaberg,DE,8309,xrose@example.net,F
114,Rhonda,Ward,1943-02-14,33021 Nicholas Burg Suite 501,South Maryburgh,AK,19753,kenneththomas@example.net,F
115,Michael,Miller,1987-07-21,72847 Sharp Mills,West Danielton,SD,4710,smithmariah@example.com,M
116,Cassandra,Thompson,1975-10-08,498 Fletcher Manors Apt. 418,Spenceberg,WA,28270,alexwall@example.net,F
117,Richard,Brown,1960-01-28,775 Wilcox Expressway,Port Nathanchester,ID,35879,vwhite@example.net,M
118,Daniel,Miller,1941-09-09,39043 Danielle Bypass,West Christopher,OK,74530,anthony42@example.net,F
119,Bradley,Downs,1997-08-07,54683 Walton Stream Suite 215,Mosleyhaven,CT,66322,uwilliams@example.org,F
120,Lindsey,Hernandez,1950-02-20,71133 Kayla Estates,Sethberg,MA,38622,cwoods@example.com,M
121,Michael,Chase,1952-09-23,39912 Davis Bridge Apt. 481,Davismouth,GA,39246,twilliams@example.net,M
122,Evan,Ramirez,1950-05-15,7472 Teresa Oval Apt. 546,Vincentberg,NV,48569,michael12@example.net,M
123,William,Weber,1954-10-12,090 Holly Points Apt. 214,Moorefurt,CA,29736,nathaniel68@example.com,F
124,Paul,Ford,1943-05-04,12166 Richard Circles Suite 597,Lake Judith,DE,36988,baileytaylor@example.net,M
125,Shawn,Gardner,1958-09-27,605 Irwin Forest,East Mirandachester,KY,33540,nthomas@example.com,F
126,Cynthia,Miller,1979-10-19,8342 Christopher Meadow Suite 423,Sherifort,NJ,70690,hillchristopher@example.net,F
127,Haley,Martin,1994-12-01,89319 Mario View Suite 027,South Michelle,DE,88836,sgomez@example.net,F
128,Richard,Meyer,1989-08-21,910 Julie Field Suite 829,Robinsonborough,ID,89581,mcneilsherry@example.org,M
129,Barbara,Smith,1971-03-08,766 Bell Plains Suite 851,South Ross,HI,72951,allen48@example.org,M
130,Brooke,Daniels,1947-03-26,491 Linda Cove Apt. 096,South Karenside,CT,83538,qmitchell@example.net,M
131,Sean,Perkins,1997-10-19,8613 Sampson Keys,Gutierrezfurt,AL,49606,contrerasmelissa@example.org,F
132,Kimberly,Romero,1980-08-17,60002 Randall Path,Matthewshire,NE,32198,nichole44@example.com,F
133,Angela,Myers,1993-06-04,62658 Samuel Courts Apt. 819,Cameronview,PW,72971,zpoole@example.net,M
134,Erik,Morris,1969-09-03,98196 Julia Curve,Waltersstad,HI,31921,davissamuel@example.net,M
135,Denise,Walker,1977-04-02,041 Courtney Route Apt. 179,North Donaldview,HI,12661,amandasanchez@example.com,F
136,Chris,Kirk,1999-09-02,71366 Schultz Mission Apt. 240,Lake Ashley,PA,4623,peterhenry@example.org,F
137,David,Cooper,1939-11-04,84139 Amanda Path,East Michelle,DE,28938,timothy99@example.net,M
138,Anthony,Taylor,1989-06-03,3158 Owens Valleys Suite 686,West Gerald,TX,94531,lunashelby@example.com,F
139,Juan,Long,2006-12-16,9459 Catherine Meadow Apt. 955,South Garyton,NY,33670,gabriel37@example.com,F
140,Brenda,Carter,1977-01-14,53135 Thomas Island Apt. 050,Jasonshire,WY,42648,raymond12@example.com,F
141,Rachel,Hoffman,1983-11-26,84919 Fleming Mews,Lisaborough,ID,7010,ncampbell@example.net,M
142,Leah,Jimenez,1940-05-11,639 Justin Row Apt. 742,Johnsonside,NC,5628,robert17@example.org,M
143,Matthew,Smith,1940-02-07,5561 Snyder Causeway Suite 477,Port Nathanielville,AK,29863,zdavis@example.com,M
144,Brandon,Smith,1958-03-12,21358 Sarah Ways Apt. 401,West Charlesmouth,UT,80815,holdermichelle@example.net,M
145,Latasha,Gray,1958-04-30,2967 Aimee Garden,Stanleyview,MD,96296,sarasilva@example.org,F
146,Timothy,Davis,2005-04-27,117 Jason Skyway,South Lori,ID,64417,jennifer58@example.org,M
147,Dan,Clark,1963-07-06,123 Cruz Mission,Port Ricardo,CA,36917,kathleen47@example.net,M
148,Rodney,Parks,1965-08-29,07240 Stanley Mission,Josephside,CO,46956,thomasnancy@example.net,M
149,Ryan,Hernandez,1962-01-31,1066 Kelly Lodge Apt. 948,Stoneville,TX,7037,dromero@example.com,F
150,Debbie,Haley,1984-11-15,18143 Myers Courts Apt. 473,Port James,SC,38248,dariusjacobson@example.net,F
151,Janice,Roberts,1945-12-22,432 Maldonado Expressway Apt. 572,Lake Thomasmouth,AK,23768,daviswesley@example.net,M
152,Terri,Ibarra,1990-09-28,9073 Rodriguez Viaduct Apt. 943,Port Dwayne,CT,13607,erincastaneda@example.net,F
153,Kevin,Fitzgerald,2003-05-30,745 Smith Knoll Suite 589,Rodriguezhaven,VA,84360,whenry@example.net,M
154,Andrew,Irwin,2002-07-17,96531 Samantha Lane,West Natalieside,NV,69563,donnathomas@example.com,M
155,Gregory,Lozano,1967-05-31,3098 Flowers Crossing Suite 795,Danieltown,NM,90354,pamela69@example.com,F
156,Dylan,Becker,1938-03-15,40703 Petersen Crossing Apt. 740,Belltown,AR,33456,cindy24@example.com,F
157,Devin,Koch,2002-11-30,9143 Thomas Knoll,Port Erika,MS,55887,stephaniereeves@example.org,M
158,Raymond,Strong,1971-05-06,592 John Mall Apt. 441,Ashleymouth,ND,24535,samantha94@example.org,M
159,Nicholas,Liu,1965-06-19,575 Owens Loop Suite 080,Davisberg,RI,40135,hdavis@example.com,M
160,Kristin,Carpenter,1960-03-28,2607 Combs Corner,West Mariaville,MA,78402,david89@example.com,F
161,Connor,Roberts,1951-04-26,382 Taylor Spring,West Courtney,VA,1346,dvaughn@example.org,F
162,Linda,Hanson,1984-02-20,133 Thomas Village,Myersville,ME,53527,dannysmith@example.net,F
163,Timothy,White,1960-02-15,916 Daisy Ferry Apt. 328,South Timothy,LA,87996,meaganpayne@example.net,F
164,Craig,Chapman,1997-03-25,6620 Bryant Port,Smithport,AZ,85056,elizabeth66@example.net,M
165,Debra,Sandoval,1952-01-05,740 Michael Walks Apt. 586,East Dianastad,SD,94769,wwilliams@example.org,M
166,Anna,Stevens,1938-06-15,76792 Anderson Islands Suite 996,North Anthonyburgh,IN,13154,joshuafarmer@example.com,F
167,Elizabeth,Porter,1994-09-19,26610 Wilson Vista,South Kathryntown,HI,42595,omorris@example.net,F
168,Daniel,Cole,1970-06-01,7743 Judy Mews,North Brandi,SC,88143,vanessaberry@example.org,F
169,Cole,Johnson,1953-08-15,2873 Ashley Mountains,Michaelside,DC,9303,patriciaward@example.com,F
170,Scott,Garrett,1963-03-23,17309 Johnson View Suite 465,Port Monicaport,CA,70548,carrolldavid@example.net,M
171,Barbara,Castaneda,1961-12-27,740 Matthew Green,West Pamela,AR,18757,reginald08@example.net,F
172,James,Montoya,1971-12-12,905 Stephanie Rapid,New Timothyberg,KY,95309,sandra03@example.com,M
173,Bobby,Johnson,1997-11-19,00389 Fleming Street,New Timothyfurt,WI,49945,debrareynolds@example.com,F
174,Heather,Jordan,1961-02-17,553 Kim Centers,East Christopher,AL,30270,hdunn@example.com,M
175,Robert,Goodwin,2004-08-14,10272 Williams Keys,West David,MO,63245,ritteralexis@example.net,F
176,Diane,Douglas,2003-08-24,74584 Alison Grove Suite 881,West Rachelfort,KY,10783,wrightamy@example.com,M
177,James,Taylor,1976-12-07,203 Santos Motorway Apt. 070,Joshuafurt,ME,11575,kevintran@example.org,F
178,Brian,Bond,1961-04-24,33626 Donna Bypass Suite 095,Lisashire,IL,99755,ysimpson@example.com,M
179,Anthony,Swanson,1987-11-18,86487 Armstrong Port,Franciscofurt,NH,98232,yglenn@example.net,F
180,Victoria,Allen,1960-04-30,84596 Christina Lake,Donnatown,DE,40726,campbellfelicia@example.com,F
181,Ashley,Morris,1998-01-08,70578 Ricky Prairie Apt. 498,Stephaniemouth,HI,34318,melanie77@example.org,M
182,Katie,Hill,1940-05-08,031 Jack Parkways,Rileyton,OH,94526,omartinez@example.org,F
183,Jeremy,Lynn,1966-12-08,351 William Creek,East Jamesshire,MN,89763,theresa05@example.net,F
184,Robert,May,1976-09-05,5749 Ethan Cape Suite 290,New Jasonmouth,NY,94318,douglas59@example.com,M
185,Kimberly,Romero,1984-02-19,1139 Ryan Crossing,New Thomashaven,NC,58306,shelby69@example.org,F
186,Logan,Lee,1936-09-13,5137 Cox Knoll,West Denisebury,NV,55400,rhonda53@example.com,F
187,Jerry,Carey,1973-11-08,445 Wilson Lodge,Wagnerberg,OK,65276,sarasanchez@example.com,F
188,Cynthia,Barton,1979-12-24,8712 Mary Burg Apt. 128,Strongstad,DC,53233,nancysmith@example.org,F
189,Heidi,Allen,1945-07-31,015 Lozano Roads,Yangchester,LA,99809,david59@example.net,M
190,Thomas,Taylor,1990-09-23,09957 Flores Fall,Shirleyville,IN,39475,jenniferlawrence@example.net,F
191,Trevor,Williams,1985-03-18,03684 Garcia Haven,North Keith,NM,58030,ymitchell@example.com,M
192,Jeffrey,Jackson,1966-11-29,13882 Carmen Canyon Apt. 070,Jamesshire,NE,96457,vanessa13@example.net,F
193,Sean,Martinez,1999-01-20,6741 Victoria Street,West Lindabury,VA,10246,hphillips@example.net,F
194,Mark,Hunter,1969-08-16,61853 Stacy Road Apt. 329,Wigginsbury,TX,26148,shawn81@example.net,M
195,Joseph,Hernandez,1961-02-19,306 Travis Ridge,Lake Gregory,MT,90676,jessicacampbell@example.org,M
196,Jose,James,1992-07-19,3477 Harper Plains,Phillipsbury,DE,99455,danawashington@example.net,M
197,Kathryn,Barnes,1977-02-23,75156 Kim Orchard,Burkebury,AK,38633,qnguyen@example.com,M
198,Joseph,Lewis,1961-01-27,566 Coleman Green Apt. 473,Daisyton,ME,59173,xbrown@example.com,F
199,Robert,Armstrong,1948-02-01,98006 Kimberly Isle Suite 810,West Amanda,GA,70716,amandachan@example.org,M
200,Randall,Robbins,1996-09-25,300 Kari Pine,New Raymondfort,AZ,21072,laurie55@example.com,F
201,Justin,Johnson,1957-03-07,41118 Smith Summit Apt. 196,Port Catherine,ME,42932,arthurbrady@example.com,F
202,Ronald,Paul,1955-01-18,4613 Hoffman Orchard Suite 883,Smithfort,VA,52096,joshua31@example.com,M
203,Stephanie,Farmer,1991-05-21,75791 Cook Valleys Apt. 182,Port Sheri,OR,33264,chavezbecky@example.org,M
204,Christopher,Powell,1950-03-16,4645 Benjamin Spurs,Savageview,UT,27924,kmills@example.org,F
205,Kari,Norton,1991-01-21,7881 Ronald Club Suite 202,East Jamesville,AZ,56099,pedwards@example.org,M
206,Tyler,Sims,1991-03-23,41644 Gilbert Landing Apt. 248,Port Christina,VT,49161,jtaylor@example.com,M
207,April,King,1992-02-07,87056 Edward Cliff,West Jacquelineborough,UT,12801,vclark@example.net,M
208,Amanda,Rivera,1969-08-12,835 Sarah Harbor Suite 694,Claudiafurt,KS,74047,weberbrooke@example.org,M
209,Amber,Hopkins,1965-11-07,49128 Rivera Trail Suite 973,North Krista,IL,12472,watkinsdakota@example.org,M
210,Sarah,Mendez,1963-02-14,28767 Turner Trace,East Annfurt,WI,51033,fredbaxter@example.com,F
211,Jasmin,Kelly,1997-06-22,268 Henry Turnpike Suite 186,Gregorystad,NH,88324,alyssa93@example.org,M
212,Michael,Coleman,1937-06-25,75830 Murphy Land,Wesleytown,PA,36287,patrickwhite@example.net,M
213,Arthur,Hill,1968-12-25,0907 Henry Mountains Apt. 050,Lake Jill,DC,11356,ssanders@example.net,M
214,Robert,Singleton,1942-12-18,439 Marvin Spring,Rachaelburgh,OR,95152,ramosjennifer@example.com,M
215,Sheryl,Black,1988-08-04,38241 Scott Harbor,Lake William,HI,83771,qbutler@example.net,F
216,Julie,Massey,1935-10-23,9197 Darren Course Apt. 125,Port Garytown,IL,84117,collinsann@example.org,M
217,Nicholas,Miller,1997-10-05,0642 Taylor Island,Perezborough,KY,26613,kylebecker@example.org,F
218,Gregory,Phillips,1981-01-13,8720 Moore Port Apt. 654,West Holly,NY,72801,fbaker@example.com,F
219,Maria,Bauer,2004-02-15,0182 Taylor Radial Suite 596,West Jacquelinestad,AL,21308,palmerjason@example.org,F
220,Robert,Cook,1969-03-02,207 Watkins Square Suite 673,Jennifermouth,NJ,89440,lopezmichael@example.org,M
221,Richard,Williams,1956-06-08,6496 Frank Expressway,Oliviahaven,ID,74948,kathrynsantana@example.net,F
222,Karen,Anderson,1997-11-10,7627 Donna Flats,West Kyle,HI,31458,kristina01@example.com,M
223,Michaela,Kim,1987-03-20,2517 Hale Mountains,Guerrabury,WV,13060,ericpeters@example.com,F
224,Paul,Flores,1946-03-18,681 Freeman Streets Apt. 392,West Michael,NY,709,ricardomurphy@example.com,M
225,Cheryl,Walton,1963-12-31,46156 Ronald Haven,Paulfort,AZ,34713,brewerdevin@example.org,M
226,Susan,Fisher,1967-05-26,51602 Anderson Parkways Suite 707,Hendersonton,ME,56204,raymondholmes@example.org,F
227,Jonathan,Walters,1956-09-02,512 Schmidt Lights Apt. 205,Jamesmouth,NE,6863,xshaw@example.com,F
228,Steven,Williams,1942-01-28,6540 White Knolls Suite 075,Cynthiaville,MI,96433,dstevens@example.net,M
229,Benjamin,Rodgers,1967-07-05,764 Bonilla Spurs,Port Rebecca,VA,69124,gregorynichols@example.org,F
230,Ashley,Williams,1992-06-15,8154 Morales Ferry,Jenniferland,PW,57312,nathan29@example.net,F
231,Tammy,Leon,1976-08-22,059 Lewis Mews,Julieburgh,KY,66241,wanda98@example.net,M
232,Emily,Jacobs,2001-06-01,62447 Davis Fork,Lake Markland,RI,38227,erikanelson@example.com,F
233,Jessica,Lynch,1954-07-04,678 Matthew Island Suite 727,Clarkburgh,TX,51627,omatthews@example.net,M
234,Jonathan,Johnson,1966-01-14,85445 Craig Burgs,New Brenda,RI,46589,welchanna@example.com,F
235,Annette,Perry,1983-08-12,68269 Collin Forge Apt. 194,Port Erik,WI,96768,potterjustin@example.net,F
236,Tiffany,Pierce,1942-03-17,1588 Perez Lodge Suite 747,Port Gregory,LA,938,karen69@example.com,F
237,Amanda,Cook,1968-02-24,666 Dana River Apt. 299,New Ashleychester,AK,43102,rdouglas@example.org,M
238,Chelsea,Jackson,1996-04-10,832 Wood Well Apt. 273,Davidland,AK,27633,xcohen@example.org,F
239,Becky,Stevens,1977-07-15,195 John Stravenue Apt. 006,Atkinsland,WY,55169,yfritz@example.org,F
240,Susan,Ware,2001-10-02,7046 Michael Stravenue,Pattersonville,CT,19635,baldwincatherine@example.net,F
241,Melanie,Chang,1944-01-10,37341 May Cliffs Suite 734,Kennethmouth,MA,59532,bowenmichael@example.net,F
242,Holly,Carroll,1971-02-03,59544 Ashley Inlet,Marquezport,FL,97983,juarezearl@example.com,M
243,Linda,Anderson,1994-03-23,429 Jordan Stravenue,Woodsburgh,MI,84891,michele43@example.org,M
244,Eric,Farrell,1974-04-30,727 Smith Circles,Jeffreyborough,IN,20173,alexandra67@example.net,F
245,Joshua,Strickland,1961-10-14,833 Beck Locks,West Williamview,OH,70592,santosmichael@example.com,F
246,Melanie,Medina,2001-01-09,42337 Billy Rest,Andrealand,WA,25406,wallerbrian@example.net,M
247,Jessica,Lowery,1961-01-27,977 Amanda Tunnel,West Kristyland,ID,63192,alexandrabrown@example.org,F
248,Darren,Miller,1998-04-14,9096 Jennifer Mills Apt. 997,West Karenview,NM,83224,corylawrence@example.net,F
249,Gregory,Hunter,1937-06-22,4884 Rodriguez Throughway,South Adam,NY,62171,stephanie44@example.net,M
250,Tyler,White,1991-09-11,823 Kathryn Forest Suite 845,Garciaport,RI,28064,gchambers@example.com,F
251,Ashley,Moore,1960-05-17,258 Valdez Turnpike,Chanview,IN,34953,jamesfoster@example.org,F
252,Thomas,Chase,1989-07-21,574 Elliott Track Suite 060,Gomezberg,NH,36441,nathan45@example.net,F
253,Andrew,Bush,1943-10-22,6658 Lauren River,Gatesville,CA,32369,ebonyscott@example.com,M
254,Ethan,Sharp,2003-08-18,734 Brown Centers Suite 485,Mcleanville,NJ,18101,ccrane@example.net,F
255,Nicole,Jones,1947-02-18,381 Sanchez Ports Suite 884,East Kelseyland,WY,92153,jholloway@example.net,F
256,Jennifer,Edwards,1987-12-25,3755 Erica Squares Suite 490,North Dawn,NE,52445,rebecca73@example.org,M
257,Linda,Yates,1965-12-27,85874 Walters Street Apt. 918,New Erichaven,CO,75726,durhamwilliam@example.org,F
258,Sandra,Bishop,1987-04-13,7251 Deborah Junction Suite 860,Andrewstown,RI,51612,karenwang@example.com,F
259,Andrew,Perez,1964-02-20,739 Barry Stravenue Apt. 323,Huntertown,ND,79396,ohernandez@example.net,F
260,Shirley,Williams,1935-06-13,33426 Hall Forge Suite 027,Port Stacytown,NV,98011,amberblevins@example.com,F
261,Melissa,Clark,2005-04-21,112 Frank Fords Apt. 795,Robertborough,CO,66942,griffinraymond@example.org,F
262,Michael,Scott,1993-03-30,1554 Ryan Vista Suite 316,Smithview,VA,85351,duffyallen@example.com,F
263,Phyllis,Williams,2003-12-26,70093 Watson Mall,South Gerald,NC,20342,gregorysmith@example.net,F
264,Judy,Patrick,1973-12-03,3465 Howell Burgs,West Anthonyfort,AZ,96832,michaelbuckley@example.org,M
265,Monica,Mcintyre,2001-01-02,10531 Mcneil Creek,Marshallchester,ND,58227,ryankathryn@example.net,F
266,Dennis,Morrison,1986-02-05,8591 Vasquez Village,East Jeffrey,DC,19191,collinsterrance@example.com,F
267,Jeremiah,Miller,1988-11-16,34245 Barnett Pike,Kathleenberg,MD,55816,lovejustin@example.net,M
268,Nicholas,Thomas,2003-01-07,20203 Randy Branch,Webbstad,ID,82907,adkinslauren@example.net,M
269,Molly,Arellano,1983-10-23,714 Rogers Ferry Suite 578,Alvaradomouth,WV,68536,nhayes@example.com,F
270,Jose,Casey,1967-04-05,71184 Morgan Inlet,Grahamland,NY,24436,imay@example.org,M
271,Raymond,Pugh,1954-11-20,589 Anna Pines,Port Amandaside,IN,91424,donaldbecker@example.org,M
272,Stacey,Schmidt,1955-02-25,963 Williams Locks,Peterhaven,MT,62962,erik29@example.org,F
273,Taylor,Taylor,1999-11-01,99106 Douglas View Apt. 362,Myersborough,IA,46429,aaron48@example.net,M
274,Chad,Richmond,1941-07-28,72450 Abigail Pine,Port Courtneyfort,IN,87063,donald61@example.net,F
275,Samuel,Short,1946-02-14,0641 Simmons Extension Suite 438,North Whitneystad,IA,87652,whernandez@example.net,F
276,Troy,Miles,1967-08-09,448 Barnes Villages Suite 510,Lake Lindabury,OR,65378,ofisher@example.org,F
277,Jeffrey,Hamilton,1939-05-21,860 Brittany Underpass Apt. 911,West Betty,VT,79643,dalton78@example.net,F
278,Robert,Long,1973-12-26,6039 Andrew Isle,West Samanthatown,VA,60351,reedkristin@example.com,F
279,Melissa,King,1983-06-28,7423 Yang Terrace,Kimberlyburgh,NM,12149,michael34@example.com,F
280,Matthew,Jensen,1936-06-13,659 Fowler Throughway,Harrisfort,MI,44672,leslietorres@example.net,M
281,Linda,Huang,1969-06-10,488 Sherman Plain,South Christine,CA,26534,susanmorris@example.org,M
282,Clarence,Dawson,1945-06-01,562 Garcia Street Suite 991,Yvonnemouth,MH,5845,jphelps@example.net,F
283,John,Moore,1963-01-24,3204 Tamara Walks,Masseychester,OH,72751,anthony33@example.org,F
284,Yesenia,Lee,1971-09-03,454 Wood Freeway Suite 851,West Michelle,UT,32862,melaniecarpenter@example.net,F
285,Laura,Riley,1957-05-15,519 Jennifer Stravenue Apt. 749,South Christinefort,OR,57672,pollardkristen@example.net,M
286,Calvin,Forbes,1970-10-14,2151 Hudson Stream Apt. 976,South Jason,NV,41110,castroangelica@example.org,F
287,Amanda,Leonard,1997-05-04,90591 Christina Pines Suite 233,Port Howard,SD,65378,jesse86@example.org,F
288,Jessica,Rivera,1975-03-03,6725 Cody Knoll Apt. 647,East Jorgeborough,IN,46533,shahaudrey@example.net,M
289,Valerie,Schultz,1982-01-30,080 Davis Alley,North Markport,AK,74960,shannon18@example.com,F
290,Anna,Villarreal,1935-11-22,1295 Patricia Squares,New Eduardo,MH,58841,jacoboliver@example.org,F
291,Anthony,Williams,1990-09-05,2982 Tyler Rapids,New Samantha,NH,86810,aguirrelarry@example.com,M
292,Amy,Price,1976-10-08,3523 Lopez Lodge,West Brianfort,FM,86963,qraymond@example.net,M
293,Jasmine,Combs,1978-10-07,998 Sherman Row Apt. 452,Gallagherport,SC,56379,abbottchristopher@example.net,M
294,Richard,Bennett,1955-05-23,647 Townsend Square Apt. 803,West Patriciashire,ND,23223,gjohnson@example.com,F
295,Danielle,Stevenson,1994-11-15,068 William Springs Apt. 317,East Jennifer,CA,94090,williamskevin@example.org,M
296,James,Clark,2007-01-18,0352 Serrano Landing,Williamsberg,PA,32767,williamspatrick@example.net,M
297,Christy,Scott,1954-12-09,46066 Ramirez Field Suite 490,Williamsmouth,DC,87396,tbecker@example.net,F
298,Hannah,Jones,1945-12-12,85246 Herrera Haven,Danielville,MO,26994,wilsonrachel@example.com,M
299,Stephanie,Peters,1971-05-24,1130 Lopez Track Apt. 369,Samuelberg,NV,78751,hgonzalez@example.org,F
300,Kayla,Bates,2000-09-12,54257 Rachel Centers,Jamesport,NY,8843,kaylahardy@example.org,M
301,Jeffrey,Burton,1939-10-24,98482 Amy Island,North Gailchester,NC,70529,diane70@example.com,M
302,Andre,Le,1954-08-10,60906 Melody Track,New Amytown,SD,62947,mitchell21@example.net,M
303,Sharon,Newman,1957-02-27,794 Baird Roads,Mendozaberg,NH,70815,gina67@example.net,M
304,Natasha,Walker,1970-10-16,0642 Steve Station,South David,SC,46761,dana26@example.com,M
305,Jared,Sullivan,1969-01-18,5556 Jennifer Ford Apt. 339,Port Jessica,WY,81618,cmurray@example.com,M
306,Michael,Ford,1965-06-13,71874 Williams Forge Suite 826,Whitemouth,AK,91460,tbrooks@example.org,F
307,Jamie,Bradley,1938-02-17,693 Robert Mountain,Port Joanna,WV,64291,joshuareese@example.net,F
308,Leslie,Fitzpatrick,1990-02-14,05155 Julia Forest,Marystad,RI,41854,lowekristin@example.org,F
309,Brandy,Clayton,1973-07-28,82226 Amanda River Suite 288,Gravesview,UT,33189,lmorgan@example.com,M
310,Theresa,Beck,1965-08-14,7672 Brenda Viaduct,Sarahshire,OK,24334,reginadavis@example.org,F
311,Seth,Smith,1975-07-31,51229 Byrd Drive Apt. 354,West Carriefort,AK,82009,kpotts@example.com,M
312,Patricia,Butler,1964-06-07,075 Brett Garden Suite 476,Billymouth,TN,11018,michaelking@example.net,M
313,Mason,Johnson,1984-12-23,6604 Rogers Unions,Russellmouth,DC,45883,navarroandrew@example.com,F
314,Jennifer,Tran,1953-02-18,581 Lisa Valley,East Charlesstad,CA,20686,fcampbell@example.com,F
315,Ashley,Young,1996-04-06,129 Welch Isle Apt. 910,East Samantha,CO,24824,shieldsalec@example.org,M
316,Christopher,Bean,1984-08-21,165 Thomas Flat,Jacobsburgh,NJ,38258,hamiltongina@example.org,F
317,Jessica,Vargas,1966-07-01,42893 Jacqueline Club,East Melinda,WV,30348,ramoswilliam@example.org,M
318,Francisco,Reid,1974-04-21,5380 Campbell Estates Apt. 017,Raventon,RI,99545,carolyn84@example.org,M
319,Lisa,Miller,1950-06-26,9591 Acosta Island,Howardfort,MN,65997,vsmith@example.net,F
320,Kevin,Burns,1969-01-10,7756 Melton Mountain Suite 226,Herringberg,WY,42014,jeremyjackson@example.net,M
321,Patrick,Berg,1973-12-04,92310 Kennedy Groves,Jamesfort,MO,21251,reginaldsmith@example.net,F
322,Kevin,Moses,1977-10-02,6270 Ali Cliff Suite 794,East April,NM,28865,jeremy79@example.net,M
323,Robert,Smith,1948-06-05,192 Peterson Landing Apt. 597,North Sergiochester,IA,27954,crystal54@example.net,M
324,Shirley,Barker,1955-11-22,532 Harrington Ports Apt. 993,South Anna,AK,41586,cynthia74@example.net,F
325,William,Davis,1991-12-07,417 Waters Turnpike Suite 250,Wrighttown,MD,47184,cindymiller@example.com,F
326,Mallory,Olson,1959-12-28,833 Kenneth Circle Apt. 884,Port Nicholas,UT,1931,kristenfrye@example.com,M
327,Kenneth,Harris,1979-08-26,76829 Blake Coves Suite 743,Mitchellshire,DC,42811,anthony61@example.com,F
328,Stephanie,Martinez,1988-03-12,065 Thompson Ridge Apt. 459,New Brianberg,NM,8873,angela52@example.com,F
329,Sara,Taylor,1953-11-14,5516 Potter Park,Gardnerhaven,MT,84625,millsshelby@example.org,F
330,Kristine,Neal,1938-12-07,30800 Timothy Canyon Apt. 322,Marcusfurt,AK,67380,olsenshane@example.org,M
331,Kathy,Vasquez,1975-11-20,39705 Bonnie Land,South Jason,ND,1464,cpierce@example.org,M
332,Rose,Garner,1940-03-28,94535 Long Run,Shannonmouth,PA,85882,joseph58@example.com,F
333,Emily,Carrillo,1998-01-13,94394 Ford Rue,New Pamela,PW,33574,jackwilliams@example.org,M
334,Jay,Johnson,2000-01-21,6576 Samantha Neck,Laurabury,CA,81289,robinsonhenry@example.com,M
335,Daniel,Smith,1939-08-28,7692 Brian Forge,South Judy,MN,10475,harveymercedes@example.com,M
336,Joshua,Valdez,1966-02-12,3107 Alexis Corners Apt. 798,Josephshire,NJ,8795,kaylee14@example.org,F
337,Jessica,Hernandez,1992-11-15,7620 Diane Trail Suite 473,Andrewview,ID,31279,sandersnicholas@example.org,M
338,Hannah,Patrick,1945-09-25,04519 Bryant Mountains Apt. 558,West Jill,MI,53847,russomary@example.com,F
339,Gordon,Morales,2000-03-09,786 Ali Corners,Nicolemouth,MI,85103,xlucero@example.com,M
340,Steven,Molina,1942-04-13,582 Tiffany Turnpike,Port Heather,CO,55417,pamelacooper@example.net,F
341,Nicole,Mooney,1935-10-15,357 Mark Villages,Amyfurt,NC,86601,stonebarbara@example.com,F
342,Lori,Robinson,1968-10-24,30817 Ruth Square Suite 364,New Danielle,MH,25536,kara13@example.net,F
343,Andrew,Johnson,1975-11-02,47165 Smith Ranch,Matthewstad,IL,40318,clarkmaria@example.net,M
344,Roy,Lawrence,1998-10-05,75504 Callahan Lights Apt. 699,Stacyfort,AK,50304,lreid@example.org,F
345,Benjamin,Freeman,1962-11-13,176 Allen Mountains,West Kylemouth,IL,80942,wellsamy@example.org,M
346,Robert,Smith,1938-10-13,82749 Solis Plain Apt. 491,Thompsonmouth,LA,21832,brittneyleonard@example.org,M
347,Bill,Burke,1947-10-25,7306 Kelsey Cape,Ianmouth,TX,76990,jrodriguez@example.org,F
348,Megan,Perez,1955-08-08,29907 Richardson Square,Smithhaven,UT,48773,hstokes@example.org,M
349,Cynthia,Rodriguez,1954-05-01,11457 Hunter Gardens Apt. 102,New Jacobborough,NV,86990,bjohnson@example.net,F
350,Wendy,Brooks,1950-04-30,033 Kevin Summit,Smithton,NY,2095,timothy29@example.com,F
351,Daniel,Wade,1996-11-13,3377 Lewis Extensions,Transide,FM,9796,turnerlisa@example.com,M
352,Dustin,Martinez,1963-09-07,236 Pace Views,Richardchester,AZ,42507,michellejones@example.net,M
353,Kimberly,Johnson,1939-04-25,9862 Carol Heights,Mejiachester,PA,4552,peter93@example.net,M
354,Robert,Hoffman,1979-11-01,7548 Calhoun Walk Suite 876,South Matthew,UT,64683,kendrawilliams@example.com,M
355,Theresa,Patel,1969-03-12,835 Solomon Port Apt. 543,Zacharychester,KY,35092,kingjoseph@example.com,F
356,Carla,Santiago,1939-05-02,58853 Perkins Extensions Apt. 433,Isaacfort,MN,32696,kaylazamora@example.org,M
357,Peter,Love,1976-03-12,1686 Carl Valleys,Sarahmouth,OH,76992,jmedina@example.com,F
358,Lori,Dixon,1988-06-11,176 Edwards Dam Apt. 150,Port Chadville,OH,70653,dgonzalez@example.com,M
359,Joseph,Bowers,1993-10-13,15944 Allen Forges,Sarahstad,PW,31481,qharris@example.net,F
360,Edward,Spencer,2005-06-25,19947 Cody Vista,Walkermouth,RI,22212,kathryn26@example.org,M
361,Patricia,Lowery,1999-09-07,3311 Marquez Mills Apt. 696,New Kathyborough,TX,64925,daniel34@example.com,M
362,Samuel,Golden,1950-01-07,9352 Carolyn Square Suite 263,West Michael,KY,33107,marc78@example.net,M
363,Jennifer,Roach,1976-10-11,170 Armstrong Lake,Smithchester,VA,58870,eburke@example.org,F
364,Regina,Davis,1951-07-13,23989 Meghan Light Suite 031,North Christina,OH,7063,michael45@example.com,M
365,John,Fox,2000-08-17,36428 Jesse Course Apt. 924,Mcmahonburgh,IA,2753,shawn42@example.com,F
366,Lindsey,Gonzalez,1978-01-12,8522 John Branch,Melissaview,NY,3216,jonescraig@example.org,F
367,Vincent,Jacobson,1966-07-07,39594 Sanchez Extensions,Lake Johnton,CA,49970,dtaylor@example.com,F
368,Derek,Mitchell,1988-11-26,785 Walton Pine Suite 287,Port Benjamin,CA,79117,zbyrd@example.net,M
369,Virginia,Wilkinson,1955-06-08,0573 Jason Trail Apt. 792,Randyberg,AK,30263,munozrobert@example.com,F
370,Rebecca,King,2000-01-16,2603 Penny Courts,Nathanielstad,NH,51167,dowens@example.com,M
371,Paige,Wiggins,1953-01-28,71553 Weeks Expressway Apt. 128,Brianhaven,IL,83164,georgemichael@example.net,F
372,Adriana,Johnson,2001-05-04,545 Laurie Prairie Apt. 776,Lake Kimberlyshire,NY,9320,ncook@example.com,F
373,Yolanda,Hernandez,1940-06-01,23196 Foster Canyon Apt. 402,South Ashley,MT,20377,trivera@example.com,F
374,Ronald,Carroll,1955-08-24,713 Herman Expressway Suite 117,Christinastad,NJ,34328,aaronjones@example.org,F
375,Barbara,Kelley,1959-08-05,330 Webb Isle Suite 760,Laurieview,CT,19895,crystal58@example.org,F
376,Angela,Richard,1977-07-10,885 Newton Manor,Kerrybury,GA,82166,nicolewright@example.org,F
377,Timothy,Hebert,1989-03-07,6267 Matthew Land Apt. 437,Reillyfurt,OR,28554,hamptonsara@example.org,M
378,Richard,Atkinson,1936-04-15,611 Christopher Street Apt. 286,Mosleyberg,AR,774,john25@example.org,F
379,Thomas,Johnson,1936-02-15,24510 Vanessa Ridges,Port Sandraburgh,MO,64773,tonya55@example.net,M
380,Daniel,Watkins,1958-07-06,428 Tyler Fork Suite 065,Lake Thomas,NV,47523,deckerjustin@example.org,F
381,Stephanie,Torres,1981-05-16,37220 Brian Wells Apt. 217,East Jennifer,LA,44112,pbutler@example.com,M
382,Gwendolyn,Riley,1950-05-04,370 Moore Fields Suite 100,Perryfort,NH,86789,hgraham@example.net,M
383,Tammy,Bowers,1939-08-07,202 Perry Oval Suite 202,New Cassandra,KY,27011,shannon56@example.net,M
384,Jennifer,Butler,1973-04-24,0178 Jason Isle Suite 868,South Kayla,VA,5668,welchjennifer@example.net,M
385,Spencer,Ball,1998-07-24,69176 Sloan Rest Apt. 593,Bakerton,MH,30578,amber70@example.com,M
386,Elizabeth,Riley,1946-07-27,73606 Susan Unions,Amandaside,MT,2643,hbaker@example.org,F
387,Warren,Cisneros,1969-10-28,841 Sara Loaf,Gregoryborough,AL,90296,kayla07@example.net,M
388,Ruben,Murphy,1983-09-02,44626 Jessica Lake Apt. 448,North Tonyaville,AL,31899,staceysmith@example.org,F
389,Cameron,Townsend,1975-11-12,878 Timothy Ridges,Kristenstad,WY,12563,tammy17@example.com,M
390,Michael,Hughes,1957-07-08,22528 Timothy Throughway,Anthonyfurt,WY,99690,amywright@example.org,F
391,Ryan,Aguirre,1971-04-24,137 Hughes Row Suite 300,Lopezshire,MI,2745,mlewis@example.net,F
392,Vanessa,Peck,1938-12-15,19881 Thomas Plaza,Davidton,WY,84135,robert05@example.com,F
393,Logan,Collins,1968-06-24,246 Juan Vista Suite 185,South Kyleport,MT,3480,gcarter@example.org,F
394,Anthony,Mitchell,1942-03-02,1145 Beasley Falls,New Lauren,IN,6933,jenniferkane@example.net,F
395,Joshua,Skinner,1995-03-03,416 Larry Wells Suite 154,East Caseyshire,AL,14503,cainana@example.net,F
396,Patricia,Williams,1981-04-26,52291 Thomas Stream,East Joann,MH,89950,richard14@example.org,F
397,William,Mayo,1955-10-16,8306 Christina Loaf,Port Allison,MI,18354,maldonadonancy@example.net,M
398,Richard,Garza,1989-10-22,9701 Garza Summit Suite 292,Lake Johnton,IN,33268,joseph91@example.net,F
399,Julie,Simon,1937-01-17,031 Robert Junctions,South Drew,VA,85430,nanderson@example.com,F
400,Kristen,Melton,1970-08-18,3236 Lopez Shores Apt. 774,Williamstown,NE,61263,tiffany68@example.net,M
401,Eric,Harrington,1965-07-11,42442 Hammond Mountains Apt. 975,Dawnmouth,ID,90735,goodmanalice@example.org,F
402,Michelle,Franco,1935-07-11,03763 Daniel Stravenue Suite 841,Michellehaven,FM,41161,enelson@example.org,F
403,Julie,Smith,1936-12-12,780 Susan Islands,Bradleytown,NJ,25852,allenjustin@example.org,F
404,Jacob,Oconnor,1975-02-26,699 Davis Mountains,East Mark,MA,47278,zking@example.com,F
405,Thomas,Allen,1949-08-15,92360 Stuart Place,North Erinside,NV,94667,trevor68@example.org,F
406,Derek,Rojas,1986-08-21,49731 Mclean Ridge Apt. 149,North Thomas,KY,71420,nathanjohnson@example.org,F
407,Gary,Todd,1984-01-28,1189 Sandy Harbors Apt. 655,Hawkinsburgh,AK,97350,howetracy@example.org,M
408,Connor,Burton,1940-10-25,023 James Hill,Brownmouth,IN,81588,contrerasjames@example.org,M
409,Dennis,Wilson,2001-10-24,12760 Nicholas Place Apt. 611,East Charles,MT,14714,michaelsherman@example.com,F
410,Ryan,Lyons,1989-12-12,2989 Stephanie Manors Apt. 974,Jorgeborough,VA,3126,josephmeyer@example.net,M
411,James,Phillips,1998-10-31,38187 Blankenship Prairie,North April,ND,30883,lho@example.org,M
412,Lauren,Allen,2006-07-07,815 Jordan Isle,Port Gregory,NE,64792,romerocatherine@example.org,F
413,Melissa,Harris,1960-10-07,68157 Erin Vista Suite 000,Port Elizabethtown,FM,95277,hollydavis@example.org,F
414,Anthony,Morris,1945-11-02,509 Jennifer Knoll Suite 618,Karenview,GA,11647,millerjames@example.org,M
415,Amy,Hernandez,1939-02-03,48905 Harrison Parkways,Mcdonaldton,PA,6904,hmitchell@example.org,F
416,Aaron,Green,2006-10-18,848 Richard Port Apt. 362,Williammouth,MN,87182,nicholasfields@example.org,F
417,Brandon,Collins,1939-06-19,706 John Rapids,Montgomerytown,WI,82342,kristenbennett@example.org,M
418,Kimberly,Benton,1942-11-19,4818 Jose Street,Suzanneburgh,OH,62582,davidbrown@example.org,F
419,Vernon,Galvan,1985-09-07,4321 Heather River,Jessicahaven,OK,85066,nicholasgallagher@example.net,M
420,Elizabeth,Cross,1940-08-27,258 Lewis Inlet Suite 170,Carterfurt,GA,46989,bevans@example.org,M
421,Sophia,Brooks,1982-12-19,558 Kelly Way,Lake Christopherfurt,ME,54396,michelle02@example.com,F
422,Laura,Roy,1962-06-23,882 Rivera Dale,Bishopton,TX,90712,ingramjessica@example.com,F
423,Matthew,Roberts,1997-04-20,53849 Stephenson Crossing,Chandlerberg,FM,13893,kaiserkelly@example.org,F
424,Christopher,Dawson,1949-01-24,339 Crystal Flat,Robinsonfurt,SD,42839,ufox@example.org,M
425,Yvonne,Williams,1979-06-02,875 Davis Parkway,Maxwellhaven,AL,1899,ubond@example.org,M
426,Rhonda,Clark,2003-09-10,1829 John Lane Suite 774,Mackenzieville,VA,54962,osbornanthony@example.org,F
427,Sabrina,Khan,1959-04-28,14911 Rodriguez Highway,East Randy,NJ,45452,peterlynch@example.com,F
428,Mary,Willis,1999-12-06,982 John Harbor,Matthewland,CO,33943,ulee@example.org,M
429,Sarah,Dominguez,1986-09-19,0537 Patterson Turnpike,New Heatherville,WA,17381,david86@example.net,F
430,Ronald,Bradford,1951-12-14,6691 Paul Spur,Jonesborough,CT,23505,acevedonancy@example.org,F
431,Katrina,King,1935-09-26,9177 Hines Row,New Jason,NC,35075,michael68@example.net,M
432,Kelly,Mccarty,1978-07-17,54378 Rick Forest Apt. 591,North Elizabethmouth,UT,91460,allenpeggy@example.org,F
433,Andrew,Short,1973-10-11,207 Aguilar Expressway Suite 999,Wangshire,FM,49766,victoria91@example.com,M
434,Molly,Douglas,1972-01-30,59140 Hudson Turnpike,East Pamela,CT,24743,amandadiaz@example.com,M
435,Mary,Roman,1985-05-23,806 Veronica Mountains Apt. 617,Comptontown,SD,58433,kellythomas@example.com,M
436,Gordon,Lewis,1981-01-05,382 Mary Haven Apt. 561,Lake Ashley,NE,45241,abigailrobinson@example.net,M
437,Anthony,Ballard,1957-09-29,4186 Cooper Roads,Port Jayside,NJ,56331,richardhines@example.net,F
438,Corey,Rivas,1987-01-16,43468 John Underpass Suite 840,Port Susanfort,WV,29826,katieaguirre@example.com,M
439,Aaron,Contreras,1935-04-28,68311 Lisa Isle,North Sierrafurt,NC,7839,yburke@example.org,F
440,Cheryl,Ramirez,1958-08-28,2839 May Road Apt. 053,Josephfort,NV,58525,crystal15@example.org,M
441,Carol,Myers,1943-05-18,2925 Angela Course Suite 760,New Holly,PA,9255,kleinshane@example.org,M
442,Kayla,Baker,1995-03-20,33373 Sharon Island Suite 235,Rodriguezside,CO,61351,rzuniga@example.net,M
443,Alex,Atkinson,1998-05-07,1363 Anderson Park,Nicholasborough,IL,59154,erikamiller@example.org,F
444,Charles,Contreras,1966-10-21,502 Carter Cape,South Joshuaton,IA,59711,kurt90@example.net,F
445,Jamie,Wright,1950-03-03,782 Charles Village Apt. 179,North Courtney,KS,68583,rossamanda@example.org,M
446,Sarah,Barnes,1962-01-27,3831 Amy Island,Johnsonbury,OK,98840,jessica79@example.com,F
447,Shannon,Rodgers,1952-08-05,1770 Valencia Parks Apt. 682,West Kathyfurt,ND,19326,lfloyd@example.net,F
448,Christopher,Pittman,1996-12-16,65058 Giles Spur,Richardberg,VA,10051,jeffreybailey@example.net,F
449,Alexandra,Carrillo,1976-09-26,9089 Young Road Suite 802,North Melissa,FM,4945,charlesduncan@example.com,M
450,Stephanie,Holt,1973-08-17,424 Mathis Ridge Apt. 145,Garretthaven,NH,98958,eileendaniels@example.net,F
451,Robin,Dominguez,1988-04-14,6738 Anthony Ridges Suite 461,Lake Courtneymouth,NM,80511,ldavis@example.org,F
452,Amanda,Cruz,1961-09-13,225 Troy Summit Apt. 858,South Dawnbury,MN,7299,melodyandrews@example.com,M
453,Heather,Ware,2007-05-22,790 Emily Expressway Suite 825,Josephburgh,NC,52035,karla66@example.net,F
454,Steven,Long,1961-06-21,328 Clarke Village,Port Shelia,ND,75552,michaelochoa@example.com,M
455,Sarah,Peterson,1991-09-16,572 Price Ports,South Sophia,IN,91543,josecohen@example.com,M
456,Jeffrey,Moreno,1952-03-24,5078 Huber Vista Suite 095,Mejiaport,MH,34803,curtis81@example.net,F
457,Jeffrey,Lee,1994-10-16,79720 Adrienne Squares,Brandiview,WY,5441,richpatricia@example.net,M
458,Christopher,Diaz,1962-01-27,55313 Michael Forest Suite 781,Port Ronald,MD,6503,uparker@example.com,M
459,Allen,Oliver,1966-04-22,05276 Heather Pine Suite 809,Port Timothy,KY,47816,heidischneider@example.org,M
460,David,Kirk,1970-04-07,0598 Sparks Mission Suite 442,South Janice,NY,44709,richard25@example.net,F
461,Tonya,Barry,1997-01-15,9428 Kevin Ridges Apt. 165,East Sarahtown,AZ,6120,amber59@example.com,M
462,Eric,Parker,1941-08-17,15513 Mario Orchard,New Jameschester,OH,97252,brendajohns@example.org,F
463,Ian,Garcia,1986-08-21,9972 Mccarty Spurs Apt. 677,Dawnberg,WA,1335,justin88@example.net,F
464,David,Singleton,1969-06-20,81231 James Divide,Lake Kevinland,AR,49935,samantharoberts@example.org,F
465,Joanna,Mcclure,1989-09-28,0827 Stone Corners Suite 225,Marshallview,WA,48104,robertburns@example.org,M
466,Anna,Baker,1952-06-20,91876 Jessica Lock Apt. 827,Lake Taylorland,NH,90610,nicholashuffman@example.org,F
467,Jason,Ramos,1969-03-02,2229 Joyce Extension,Lake Ronaldmouth,TN,77201,sararios@example.org,M
468,Charles,Turner,1961-07-01,398 Luke Inlet Suite 617,Mclaughlinfort,IN,21677,joeljackson@example.net,M
469,Lindsey,Roberts,1944-01-11,127 Smith Ports Apt. 712,West Johnmouth,WV,69575,duncanjose@example.com,M
470,Renee,Higgins,1949-09-16,883 Edward Valleys,East Laurafurt,VA,95673,tracywoodard@example.com,M
471,Michelle,Kelley,1969-11-01,788 Bailey Fords Suite 852,Lake Amanda,AR,98884,benjaminwilliams@example.net,F
472,Kristy,Cervantes,1964-12-23,1995 Steve Key,East Monica,OK,12765,harrisjoshua@example.com,F
473,Andrew,Hernandez,1965-03-25,014 Timothy Shoal Apt. 093,New Robertfort,CO,28080,kimberlyblair@example.net,F
474,Gloria,Porter,1951-12-11,32176 Goodwin Dam,North Catherineland,DE,15274,thomasbrandon@example.org,M
475,Patrick,Garcia,1969-05-24,58733 Benjamin Ports Apt. 665,New Alexander,HI,60183,bobbywilliamson@example.org,M
476,Debra,Ortega,1946-06-03,14086 Sandra Wall,New Elizabethberg,FL,78662,kimberly12@example.com,M
477,Justin,Anderson,1957-05-28,03995 Kimberly Prairie Suite 013,Wilsonview,ID,56057,jackierichardson@example.com,F
478,Savannah,Dunn,1945-01-20,20270 Martinez Ridges Apt. 738,Ramirezburgh,PA,81690,paul23@example.org,M
479,Bryan,Higgins,1966-04-27,22481 Flores Way Apt. 034,East Briantown,RI,48104,reynoldsmichelle@example.org,F
480,Rebecca,Sullivan,1957-05-05,6491 Ramos Springs Suite 546,East John,PW,14450,xelliott@example.net,M
481,Derrick,Patrick,1935-08-03,81030 Spencer Courts,Rossland,NM,21718,hhamilton@example.org,M
482,Rodney,Williams,1937-10-30,1290 Terri Squares Apt. 713,South Shawnbury,AR,61049,blacklisa@example.net,F
483,Jennifer,Cook,1981-03-22,4362 Jane Burg Apt. 962,Amandahaven,TX,47075,hesskeith@example.net,F
484,Sean,Warner,1999-04-02,3396 Lynn Mill,Maryfurt,NE,20019,tyler31@example.net,F
485,Christian,Richards,1989-12-10,04666 Lance Isle,Port Carlosville,AR,59081,mariahlyons@example.com,F
486,Brianna,Estrada,1977-06-26,388 Lori Port Suite 905,Lake Whitney,CA,42007,sloanbenjamin@example.net,M
487,Kristen,Williams,1953-04-29,9873 James Ramp Suite 166,Curtisfurt,CT,19957,mortonkenneth@example.net,M
488,Javier,Mitchell,1950-01-07,56238 Aguilar Crescent,Romanland,VT,35118,washingtonashley@example.org,F
489,Frederick,Jordan,1956-02-08,211 Brown Estate Apt. 418,East Mikeshire,NY,78550,anthonymcdonald@example.net,F
490,William,Kaiser,1938-10-25,88948 Lisa Vista Apt. 864,Amandaburgh,WV,16261,hlester@example.org,F
491,Shannon,Beard,1939-01-12,0820 Jordan Cape Suite 757,Port Meganborough,MS,74350,alejandra39@example.com,M
492,Christopher,Larson,1994-06-24,942 Castro Parkways Apt. 769,Beckton,KY,6154,duranelizabeth@example.org,F
493,Brianna,Perez,1985-12-04,56078 Gregory Haven Apt. 565,Port Sarahshire,FM,86829,greenkrystal@example.net,M
494,Elizabeth,Sanders,1934-12-18,668 Jennifer Ridge Suite 047,Edwardmouth,AL,20548,danielle96@example.net,F
495,Ann,Garcia,1965-03-30,648 Aaron Ports,West Amanda,ND,91817,ernestmahoney@example.net,M
496,Warren,Mendez,2006-09-06,87991 Johnson Village Apt. 141,Port Daniel,WV,95498,qtaylor@example.com,F
497,John,Guerrero,1979-02-14,33760 Lopez Gateway Apt. 458,South Martintown,GA,47728,yolandamarks@example.net,M
498,Rebecca,Ramirez,1950-05-02,5034 Johnson Port,Moralesland,NJ,99539,tyler41@example.net,F
499,Joy,Mosley,1947-11-28,806 Whitaker Drive,West Christopherview,MT,68261,bartondavid@example.com,M
500,Melanie,Garcia,1963-10-25,8698 Holly Prairie Suite 987,Sarahfurt,OK,41441,marydean@example.com,F
