Employee_id,First_Name,Last_Name,Supervisor_id,Level_of_Access,Date_of_Birth,Street_Address,City,State,Zipcode,Sex
1,Haley,Delacruz,,Teller,1986-04-02,9450 David Dale Apt. 075,Lake Sarah,UT,6332,M
2,Michael,Jones,,Teller,1958-08-27,0398 Clark Island,South Theresa,SD,16985,F
3,Craig,Riley,151,Analyst,1983-03-13,9067 Brandon Ranch Suite 248,Haroldport,MS,49658,M
4,Faith,Hill,78,Clerk,1982-03-03,7605 Baker Bridge Suite 565,Avilamouth,ND,4326,M
5,Ashley,Patton,,Clerk,1957-11-16,3389 Ronald Gardens Suite 466,Port Cynthia,WI,55385,F
6,Matthew,Roberts,311,Analyst,2000-05-27,5995 Sara Branch,Martinburgh,DE,23426,M
7,Edwin,White,,Teller,2003-05-05,7746 Kathryn Ridge Apt. 601,East Juanville,CO,49326,M
8,Renee,Christian,,Manager,1957-07-06,860 Kathleen Plain Apt. 179,Olsonfort,OH,17258,M
9,James,Miller,251,Manager,1983-01-19,0472 Sparks Walk Apt. 612,East Brianhaven,KS,30491,F
10,Jill,Wilkerson,454,Clerk,1990-04-06,65968 Steven Keys Apt. 548,West David,TN,73572,M
11,Heather,Hall,444,Manager,1963-12-05,5400 Scott Shoal Suite 475,Port James,CA,15102,F
12,Donald,Lee,,Clerk,2002-12-17,8979 Shannon Trail Suite 334,South Geoffrey,ID,73257,M
13,Amber,Cohen,,Clerk,1967-03-31,5080 Catherine Loaf,Port Bobby,MA,94185,F
14,Cynthia,Johnson,259,Teller,1959-07-21,8824 Mark Forks,Alexanderville,NY,9561,M
15,Jennifer,Sanders,418,Analyst,1955-11-13,481 Reed Extensions Suite 445,Joseton,MH,70196,M
16,Jason,Nichols,,Teller,1970-08-01,179 Shannon Tunnel Apt. 053,East Amandahaven,NY,87148,F
17,Jonathan,Ryan,,Analyst,1992-03-09,996 Nicole Track Apt. 457,Port Timothy,KY,59406,M
18,Erin,King,,Analyst,1962-03-01,19864 Joseph Ford,New Shannon,NC,31363,F
19,John,Sparks,208,Clerk,1965-04-19,87062 Tonya Path,Lake Belindaborough,GA,19598,M
20,David,Velasquez,,Analyst,1982-03-12,32001 Murray Light,North Reneehaven,PW,83257,M
21,Candice,Parrish,,Analyst,1965-01-07,610 Lisa Field Suite 614,Lake Joeside,LA,42355,M
22,Debra,Davidson,,Manager,1984-09-01,807 Fisher Terrace,East Leslie,MT,77663,M
23,Leslie,Rhodes,96,Analyst,1997-07-27,03076 Adam Viaduct,Sherryshire,MS,57849,F
24,Mary,Rivera,39,Manager,1972-04-19,6664 Charles Rue,Hendricksport,CO,93425,F
25,Christopher,Pittman,462,Manager,1968-04-22,0785 Raymond Viaduct,Kelseyfort,AZ,69024,F
26,Christina,Richardson,,Manager,1972-12-13,6834 Nicholas Stream,Mooremouth,WY,2522,M
27,Allison,Fernandez,,Manager,1973-06-09,8791 Johnson Unions,Whitemouth,CA,75126,M
28,Shawn,Bennett,,Manager,1984-03-15,01265 Sweeney Roads,South Alexis,CO,73022,M
29,Melissa,Juarez,306,Analyst,2004-02-21,17558 Mata Crest Suite 774,Lake Juliefort,LA,50976,M
30,Carrie,Bowers,125,Manager,1980-01-19,824 Charlotte Ramp,Casechester,KY,23704,F
31,Francisco,Morrison,469,Clerk,1961-02-28,8917 Lisa Greens Suite 421,Erinstad,NM,6447,F
32,Luis,Chan,349,Clerk,1973-08-10,92257 Jennifer Brook,North Crystalbury,VT,45350,M
33,Robert,Sampson,97,Teller,1956-07-18,32472 Samantha Ridge Suite 400,South Abigailhaven,HI,21592,F
34,Haley,Love,335,Teller,1987-07-08,26168 Smith Circles,Port Michaelside,SD,91991,F
35,Karen,Brown,499,Manager,1955-03-19,509 Megan Valley,Port Dianemouth,HI,56521,F
36,Christopher,Beard,,Teller,1968-09-07,70923 Antonio Cliffs Suite 950,South Jonathanland,NY,75736,F
37,Kristen,Hoffman,,Analyst,1970-10-14,432 Gutierrez Point Apt. 652,Joshuafort,WI,15648,F
38,Robert,Oconnor,9,Manager,1977-09-11,3481 Rachel Stream,North Jonathanton,FL,46611,M
39,Kim,Beck,207,Analyst,2002-03-11,21743 Kim Pine Apt. 526,South Michelleside,NE,5602,F
40,Julie,West,419,Analyst,1999-03-18,448 Amy Fall,Laurenfurt,FM,83157,M
41,Tanya,Evans,128,Manager,1991-01-02,055 Sean Mills,Janetfurt,MN,59350,F
42,Christine,Gomez,276,Clerk,1993-12-18,2392 Brooke Plains Suite 510,Fullerport,VA,4112,M
43,Elizabeth,Greene,62,Manager,1991-09-30,11786 Carolyn Spur,East Markport,VT,58852,F
44,Evelyn,Brown,,Analyst,1966-02-03,06953 Roth Grove,Lake Gregorytown,CO,87907,M
45,Derek,Kim,271,Analyst,1959-06-11,500 Michelle Trace Apt. 151,Jasonburgh,MI,86310,F
46,Gina,Chapman,,Analyst,1971-11-22,950 Campbell Village Suite 173,South Brooke,AR,46882,M
47,Jeanette,Lawrence,,Manager,1956-04-11,031 Alec Lock Suite 934,East Hannahshire,DE,894,M
48,Joshua,Martinez,,Analyst,1963-09-03,60894 Charles Hills,East Veronicamouth,RI,81319,M
49,Patricia,Moyer,,Manager,1994-10-30,3595 Brandon Loaf Apt. 006,Hudsonshire,AL,84927,F
50,Andrew,Duncan,,Manager,1955-11-27,86774 Kimberly Garden,Masonberg,VT,29049,F
51,Eileen,Hudson,182,Clerk,1995-01-07,9530 Philip Mount Suite 255,East Ethanstad,PW,1949,F
52,Charles,Lewis,454,Clerk,1980-03-15,4262 Rodriguez Plain Suite 290,Lake Stacey,UT,20089,M
53,Jeffery,Walker,,Teller,1979-02-12,10090 Combs Cape Suite 308,Dixonbury,AL,20354,F
54,Olivia,Wilson,248,Analyst,1975-02-27,7329 Juan Springs Suite 759,Morrisshire,HI,11999,F
55,George,Mclaughlin,49,Teller,1955-09-22,2603 Robert Unions Apt. 027,Michaelburgh,CA,34033,F
56,Steven,Ford,126,Analyst,2000-01-28,920 Wilson Unions,Meaganbury,VT,99058,F
57,Andrea,White,45,Manager,1977-07-17,219 Carlos Pine Apt. 897,Lake Michaelville,NE,14449,F
58,Kendra,Gordon,,Analyst,1984-06-08,558 Jessica Island,Vaughnfort,GA,92772,F
59,Hannah,James,44,Manager,1968-03-01,053 Nichols Valley,North Amy,MS,80278,F
60,Sherri,Romero,194,Teller,2002-09-07,84540 Wendy Dam Apt. 720,East Andreaport,ND,17207,F
61,Colleen,Roberson,,Teller,1997-08-09,20414 Freeman Harbors,Lake David,WA,69300,F
62,Julie,Jones,216,Clerk,2004-03-21,930 Jill Street Apt. 203,West Sharonberg,IN,17697,M
63,David,Gonzales,,Manager,1963-06-05,13530 Wesley Mall Suite 064,Gonzalezton,MI,94249,M
64,Laura,Hall,195,Analyst,1998-11-27,7569 Cheryl Fork Apt. 102,South Felicialand,NJ,39630,F
65,Nicholas,Franklin,149,Analyst,1999-04-21,831 Joseph Ville,Carlfurt,MO,21761,M
66,Edward,Miller,487,Teller,1978-12-17,67080 Sullivan Land,Skinnerfurt,NH,99216,F
67,Natalie,Williams,468,Manager,1976-12-02,621 Cox Circle,Biancaview,ME,86487,M
68,Barry,Sanford,,Teller,2004-07-09,49339 Cooper Hollow Suite 273,Port Gary,DC,57365,F
69,Nicole,Wilson,74,Teller,1995-12-30,43625 Adams Drive Apt. 880,Averyville,WA,82129,M
70,Sarah,Hernandez,488,Clerk,2004-10-22,419 Baker Flats,Lindaberg,VA,37428,F
71,Stacey,Dickson,328,Teller,1976-11-12,0583 John Flats,Port Hannahland,CO,93091,M
72,Mary,Charles,,Clerk,2000-07-02,0545 Osborne Loaf Suite 757,Matthewsview,VA,83827,F
73,Matthew,Gonzalez,473,Teller,1958-09-16,5974 Hughes Stream,Riversland,NE,27845,M
74,Rebecca,Martinez,,Analyst,1981-06-01,4508 Ashley Villages,Williammouth,HI,52811,M
75,Caitlin,Morris,401,Clerk,1955-09-01,664 White Walk Apt. 074,East Micheal,VT,77637,M
76,Vanessa,Baker,357,Teller,1971-01-20,40489 John Estate Suite 145,Jasonton,NV,74762,M
77,Robert,Barrett,491,Manager,1976-05-07,10081 Bentley View Suite 221,West Jessicamouth,CO,73505,M
78,Juan,Moore,,Manager,1977-12-22,426 Green Vista Suite 017,Lake Tammie,SD,89198,F
79,Anthony,Rice,,Manager,1999-09-07,237 Chavez Ports Suite 656,East Taylor,DE,37025,M
80,Rhonda,Brewer,406,Teller,1967-04-23,527 Angel Land,Debraton,AZ,3819,F
81,Samantha,Webb,,Clerk,1984-08-21,214 Luis Shore,North Ronald,PA,39969,M
82,Jeremy,Berry,490,Analyst,1963-09-24,68172 James Flat,Deanstad,VT,20708,M
83,April,Myers,34,Analyst,1954-11-20,297 Maurice Stravenue,Tammystad,MH,86913,M
84,Felicia,Browning,149,Analyst,1991-02-07,27393 Aaron Lakes,Vazquezbury,WY,46905,M
85,Jeremiah,Perez,166,Clerk,1985-12-05,85076 Rebecca Plaza Suite 082,Lawsonville,WV,66779,M
86,Lindsay,Gallegos,,Manager,1973-04-20,0107 Eric Courts,Deannaside,IN,73675,M
87,Erica,Chen,,Manager,1972-12-12,176 Ferguson Green,Mendozamouth,NV,99296,M
88,Jose,Thomas,,Teller,1981-05-23,222 Cynthia Throughway,Jonberg,MI,73929,M
89,Veronica,Hodge,334,Clerk,1968-04-03,225 Brown Falls,Jasonton,MS,32252,F
90,Marissa,Reid,70,Manager,1956-03-11,11804 Sutton Overpass Suite 130,Caldwellbury,OH,40463,M
91,Kelsey,Delgado,,Teller,1967-10-02,01362 Guerrero Pass Suite 639,Sandovalfurt,CA,41635,M
92,Jessica,Gibbs,,Analyst,1991-10-10,5491 Sharon Shoals,West Christopherview,CA,10658,M
93,Ashlee,Hull,289,Clerk,1972-06-10,6409 Barbara Lane Apt. 957,Howardburgh,AR,63043,F
94,Linda,Shepherd,,Clerk,1960-04-15,2620 Cindy Run,Davisland,FL,40803,M
95,Charles,Harris,182,Manager,1987-09-19,696 Patel Rue,Sullivanshire,NC,62703,F
96,Jason,Martin,490,Teller,1972-07-22,3192 Samuel Loaf Apt. 759,Wongchester,MI,31595,M
97,Mary,Boyle,203,Analyst,1979-01-06,19165 Lopez Passage Suite 231,North Eric,OR,9578,M
98,Michael,Johnson,192,Analyst,1960-03-28,6449 Marsh Haven Suite 000,South Tammy,NH,52358,M
99,Kevin,Gardner,274,Teller,1989-09-16,6497 Mclean Corners Suite 365,Vazquezton,KS,43836,F
100,Antonio,Russell,283,Teller,1974-12-25,3730 Proctor Port Suite 927,Millershire,SD,47437,M
101,Derrick,Dominguez,201,Analyst,1961-12-05,3059 Ball Fall,Michaelburgh,NC,21616,M
102,Steven,Craig,415,Teller,2003-10-30,3159 Hendricks River Suite 965,Robertchester,IA,39630,M
103,Teresa,Molina,,Teller,1994-02-17,344 Latoya Inlet Apt. 699,Port Catherine,PW,92996,F
104,Shirley,Green,149,Analyst,1994-04-22,3946 Smith Trace Apt. 230,Vincentberg,PA,95259,M
105,Thomas,Mcconnell,489,Analyst,1958-09-08,32109 Anderson Spurs Apt. 170,Murphyhaven,MI,25760,M
106,Justin,Mckinney,101,Analyst,1977-06-16,5792 Benjamin Branch Apt. 449,Charlesfurt,CA,19949,M
107,Jennifer,Walker,352,Analyst,1959-01-16,25121 Jessica Mountain,Michelestad,NC,93166,M
108,Brooke,Lee,,Clerk,1975-02-15,708 Arellano Common Apt. 145,Jaimemouth,MO,51342,F
109,Jeffrey,Jones,144,Teller,1973-01-17,34236 Sarah Streets Apt. 033,Stephenburgh,KS,53791,M
110,Jared,Rodriguez,,Analyst,1994-06-21,79686 Antonio Turnpike Suite 294,Mullinston,FL,86198,M
111,Christopher,Bates,100,Teller,1990-02-12,4174 Victoria Hollow Apt. 502,New Laura,PW,48553,M
112,Stacey,Martin,,Teller,2004-06-23,6527 Blair Terrace Apt. 332,New Laura,AL,18365,M
113,Allen,Rivera,,Clerk,1981-04-19,30303 Jon Mountain,Jonesville,TN,56570,M
114,Krista,Diaz,,Manager,2002-01-17,6279 Potter Island,Lake Brian,KY,84617,F
115,Mitchell,Brown,27,Manager,1984-06-26,98472 Anthony Groves,North David,LA,60591,F
116,Carlos,Stanton,405,Analyst,1987-09-22,72224 Nicole Centers,Olsenchester,PW,34441,F
117,Donna,Payne,,Teller,1971-11-25,7546 Cindy Village,West Brendan,MN,84363,M
118,Amber,Herrera,204,Manager,1990-02-08,72581 Eric Rapid Apt. 956,Changport,VT,33887,M
119,Robin,Hardy,,Clerk,2000-03-03,73379 Laura Courts,North Christopher,AR,16128,F
120,Alyssa,Church,324,Analyst,1984-09-17,58690 Shawn Causeway,Carterton,FM,82981,F
121,Sarah,George,334,Teller,1981-07-22,99945 Carly Street Apt. 712,East Rebecca,MS,98600,F
122,Jonathan,Robinson,,Analyst,1956-12-24,20542 Daniel Fall Suite 549,Hornborough,ID,97499,M
123,Jill,Schwartz,263,Clerk,1981-01-03,44470 Shaw Path,Romeroshire,MA,2040,F
124,Joseph,Smith,,Manager,1958-02-01,59685 Cheryl Well,Jakemouth,NM,34236,M
125,Claire,Mckee,,Manager,2004-03-31,3295 Hall Ferry Suite 775,East Rhonda,OK,20635,M
126,Andres,Miller,268,Manager,1970-05-11,8129 Anthony Land Apt. 294,North Marcuschester,IL,6011,M
127,Edward,Stewart,,Analyst,2003-11-25,63726 Margaret Stream Suite 206,Jonesview,RI,67920,F
128,Anthony,Barnett,,Analyst,1998-07-15,33138 Bradley Ports Apt. 211,Port Edwin,PW,23162,M
129,Kimberly,Watson,,Clerk,1973-10-04,158 Molly Plains Suite 876,Patriciaville,WV,76896,M
130,Daniel,Murphy,87,Analyst,1999-10-06,4420 Laura Fall,Ramoshaven,NJ,32554,M
131,Marie,Meyer,273,Clerk,1960-04-30,646 Hampton Crest Suite 234,North Cheryl,VT,57663,F
132,Lindsey,White,170,Teller,1967-09-18,04104 Cheryl Place,Port Teresa,LA,96542,M
133,Todd,Dixon,,Clerk,1999-12-29,79726 Johnston Pine,Lake Eugeneborough,DE,96885,M
134,Andrea,Brown,402,Clerk,1962-09-01,6020 Adam Flat Apt. 853,Lopezville,AL,42675,M
135,Crystal,Nguyen,,Analyst,1988-05-22,3838 Savannah Plaza,South Megan,RI,22903,F
136,Donna,Cunningham,295,Analyst,1984-03-14,76862 Avila Gardens,East Megan,IL,66246,F
137,Chelsea,Cruz,348,Manager,2000-07-16,76185 Nicole Plains,Thompsonmouth,CT,32984,M
138,Ryan,Torres,395,Teller,1995-09-05,13282 Rachel Stravenue,North Emily,NY,96326,M
139,Tara,Bailey,20,Clerk,1975-05-27,9187 Erickson Track,South Stephaniefort,NM,51047,F
140,Cody,Williams,304,Teller,1970-05-05,208 Melissa Via Suite 319,South Catherine,MT,15807,M
141,Steven,Gordon,,Clerk,1985-03-08,9698 Amber Hills,Donnaburgh,WA,89047,F
142,Allen,Moran,,Teller,1999-08-09,665 Ferguson Track,New Molly,OK,12848,F
143,Devon,West,487,Teller,1991-05-16,899 Matthew Fork Suite 607,Oliviashire,PA,3446,M
144,Sean,Burton,,Teller,1959-07-03,669 Brown Mill,Washingtonside,AL,73016,F
145,Kimberly,Ellis,395,Clerk,1972-10-09,8599 Sullivan Club Apt. 984,South Stevenport,PW,60575,F
146,April,Soto,,Analyst,1993-10-14,9881 Carter Prairie,West Kellytown,WY,79790,F
147,Garrett,Bowman,329,Clerk,1969-01-27,52102 Taylor Mount Apt. 664,North Maryburgh,KY,70577,M
148,Martha,Howard,275,Teller,1975-09-12,08898 Nancy Unions,West Timothyside,OH,31559,M
149,Christine,Doyle,160,Teller,2004-09-25,185 Joyce Freeway Apt. 275,North Aaronton,TX,45709,M
150,Jennifer,Wolf,138,Manager,1992-04-07,99530 Hughes Court Suite 937,Ryanshire,AR,66384,F
151,Kathleen,Sloan,27,Teller,1967-01-09,187 Robert Row,North Danielborough,NE,49307,F
152,Pamela,Martinez,417,Teller,2003-09-24,4442 Phillip Harbor,Stephanieside,MO,49551,M
153,Fred,Case,,Clerk,1996-09-11,21559 Brennan Dam Suite 622,North Chelsea,MA,31422,F
154,Jason,Reid,,Teller,2002-03-05,0474 Lester Hollow Suite 559,New Samuel,GA,13134,M
155,Melanie,Meyers,139,Manager,1968-03-28,0712 Cook Keys,North Gabriel,PW,78611,F
156,Brian,Figueroa,,Clerk,2003-04-15,21173 Cynthia Mountain Suite 264,New Michael,MD,93872,F
157,Emily,Spencer,211,Manager,1982-07-15,94252 Garcia Crescent,Tracyland,NV,9225,M
158,Brian,Hendricks,,Analyst,1987-03-17,4914 Gibson Grove,Hallstad,SC,28658,M
159,Michael,Thomas,,Teller,1964-12-23,417 Michael Hills Suite 344,North Mathew,NM,67419,M
160,Amanda,Walker,432,Analyst,1973-04-07,361 Haley Garden,South Sharon,NY,62686,F
161,William,Preston,327,Teller,1999-06-07,2787 Alec Views,Whiteland,MD,24295,F
162,David,Holt,,Manager,1978-07-23,3537 Craig Port Apt. 567,West Joshua,MS,65586,M
163,Christopher,Mendoza,,Teller,1980-05-02,96914 Jason Locks Apt. 999,Pamelachester,KS,45256,F
164,Brian,Matthews,471,Clerk,1982-01-16,010 Castillo Ports,New Rebeccamouth,GA,12979,F
165,Janet,Fernandez,125,Clerk,1987-07-31,844 Debra Loaf Suite 884,Aguilarmouth,GA,74037,M
166,Renee,Watson,185,Analyst,1966-07-16,9582 Megan Center Apt. 217,Simonland,MH,18544,M
167,Kevin,Fernandez,448,Analyst,2001-02-28,70598 Moon Greens Suite 143,Crawfordburgh,NC,51778,F
168,Tina,Garcia,,Manager,1994-09-08,303 Walton Vista,Port Christopherbury,RI,64947,M
169,Mary,Miller,,Manager,1987-01-31,009 Martha Mills Suite 905,Dylanchester,NE,77204,M
170,Jared,Morrow,,Manager,1968-04-20,58807 Kayla Skyway Suite 326,Lake Julieville,OK,32106,F
171,Kristin,Miller,,Manager,1993-06-30,297 Taylor Way,Michaelbury,VA,56415,F
172,Bobby,Brown,97,Analyst,1967-10-22,181 Justin Circle Apt. 437,South Chad,MA,91879,F
173,Laura,Schmidt,405,Manager,1968-07-31,6271 Hannah Pass,Carrollborough,MI,32219,F
174,Lauren,Brown,323,Analyst,1993-02-20,585 Davis Roads,Shannonbury,CO,85784,M
175,Matthew,Cruz,,Teller,2001-06-30,97925 Clarke Crescent Apt. 643,Huberton,TN,18067,M
176,Mary,Bartlett,,Teller,1971-03-05,2702 Barajas Run Suite 605,West Gregory,CO,50008,M
177,Lindsay,Scott,,Analyst,1965-07-25,01975 Matthew Well Suite 640,Tabithaton,ID,88224,M
178,Ann,Smith,,Analyst,1959-08-09,04276 Robert Walks Apt. 444,Wilsonshire,IN,78092,F
179,Logan,Lewis,,Teller,2003-08-13,690 Simpson Green,New Glennhaven,ND,36967,M
180,Sheena,Hicks,99,Teller,1971-05-02,5135 Taylor Overpass Apt. 743,Lake Tammyside,OH,16205,M
181,Kristina,Todd,57,Analyst,1958-12-03,034 Brittany Trace Apt. 873,Ramosstad,NY,29657,F
182,Jessica,Lewis,,Teller,1983-05-31,7041 Jennifer Rapids Apt. 915,New Margaret,MT,3540,F
183,Jacob,Anderson,216,Manager,1994-03-20,4204 Diana Extension,North Cheryl,VA,86008,F
184,Michael,Murray,136,Analyst,1992-11-01,4100 Norris Villages,Coryborough,GA,35985,F
185,Nathan,Norman,25,Manager,1962-01-09,97941 Douglas Harbor,Johnsonside,NJ,20295,M
186,Julie,Bird,208,Clerk,1984-11-13,22517 Leon Ferry Suite 043,South Cory,ND,82009,F
187,Brett,Lee,454,Manager,1993-10-29,616 Brent Bridge Apt. 867,North Sarah,FL,5107,F
188,Anthony,Rogers,,Teller,1992-12-25,6219 Gonzalez Plains,North Matthewfort,PA,41525,F
189,Anthony,Davis,472,Manager,1964-01-21,59007 Christina Corners,Port Kimberly,SD,59676,M
190,George,Davis,,Clerk,1995-05-13,690 Wilkerson Shoal,Simpsonburgh,DE,3771,M
191,Linda,King,4,Manager,1982-05-22,617 Ashley Plaza Apt. 707,Kirkchester,AR,19467,M
192,Mandy,Malone,,Teller,1958-11-29,25216 Douglas Falls Apt. 941,Lake Robin,TN,96239,F
193,Andre,Nelson,90,Clerk,2004-06-13,2690 Emily Manor Suite 513,South Robert,SD,61530,M
194,Carrie,Evans,,Manager,1960-10-03,245 Silva Keys,South Benjaminville,CT,75863,F
195,Elizabeth,Flores,352,Analyst,1998-10-28,68649 Scott Point,Moodyhaven,TX,55721,M
196,David,Ford,40,Clerk,1976-04-02,88447 Johnson Summit,South Lori,OH,12110,M
197,Tiffany,Rodriguez,,Clerk,1973-04-24,4992 Samuel Cape,South Ashleyhaven,MH,26925,F
198,Phillip,Hayden,,Clerk,1998-02-25,53484 Nelson Canyon,North Jeffrey,NC,54269,M
199,Lucas,Reynolds,198,Manager,1976-09-26,021 James Stream,Parksberg,AL,47592,M
200,Raven,Smith,480,Analyst,2003-05-17,00008 Wright Highway,Chavezshire,DE,80741,F
201,Adam,Black,60,Teller,2000-05-05,41600 Patrick Terrace,Port Jimmy,TX,65312,M
202,James,Bryant,150,Clerk,1994-09-21,906 Amber Street Suite 481,Castilloview,MS,32606,M
203,Billy,Johnson,282,Analyst,1965-12-26,336 Pamela Stream Apt. 711,West Christopherside,SD,48916,F
204,Heather,Rivera,,Teller,1976-12-03,420 Cynthia Valley,North Michaelmouth,WV,31849,M
205,Joshua,Jenkins,4,Clerk,1994-10-02,6999 Campbell Squares Suite 667,Lake Brian,AR,72660,M
206,Devin,Ibarra,44,Analyst,1991-07-25,81822 William Ranch,Tammyberg,MO,18947,F
207,Arthur,Reed,,Analyst,1962-06-15,4527 Kristine Knolls,South Larry,IN,45647,F
208,Wendy,Smith,407,Manager,1998-10-03,29182 Rodriguez Crescent Suite 125,Anneport,TN,52612,F
209,Danny,Johnson,163,Clerk,1995-10-02,230 Simmons Burg Apt. 128,New Douglas,CO,4383,F
210,Christopher,Koch,379,Teller,1977-09-19,29615 David Shoal,Staceystad,AL,65743,F
211,Jill,Graham,172,Clerk,1992-09-10,44604 Patricia Mill Suite 346,North Christymouth,IA,1398,M
212,Michael,Ball,,Manager,1993-12-07,472 Young Point,Millerchester,ND,22662,F
213,Frank,Stewart,,Teller,1974-09-05,272 Chavez Alley,Boonefurt,MI,92092,F
214,Krista,Cisneros,,Clerk,1974-02-26,1976 Dixon Vista,Kristyport,NJ,61722,F
215,Maria,Bates,284,Teller,1963-02-01,350 Robert Coves,Vincentfort,ME,19581,F
216,David,Edwards,459,Manager,1981-04-20,40466 Stacey Drive Apt. 564,Frankview,OK,23054,F
217,Andre,Ross,,Manager,1976-10-11,1119 Schroeder Plains Apt. 827,North Mercedes,NE,31106,F
218,Kristopher,Rogers,425,Clerk,1975-06-22,821 Willis Manor Apt. 664,West Melanieville,AZ,24322,M
219,Christopher,Ochoa,,Analyst,1968-10-04,3412 Michelle Crest Suite 049,Smithbury,NM,19149,M
220,Craig,Blair,395,Teller,1998-11-20,03203 Brooke Plaza Apt. 114,North Jasonfort,MH,15807,F
221,John,Christensen,415,Clerk,1956-01-11,197 Williams Summit Apt. 625,Lake Williamville,OR,85437,M
222,Justin,Spence,184,Teller,1980-02-08,550 Chase Mill Suite 358,Lake David,NJ,22320,F
223,Angela,Lowe,214,Clerk,1968-07-07,072 George Centers Apt. 716,South Anthonyhaven,DE,81184,F
224,Theodore,Davenport,,Analyst,1999-04-09,99647 Hampton Plain,South Matthew,IN,5785,M
225,Seth,Barnes,189,Manager,1997-03-13,24808 Mueller Mountain,North Geoffreyview,TN,38926,M
226,James,Tate,410,Manager,1991-07-24,2216 Kristina Lights,Arnoldmouth,KS,52721,M
227,Elizabeth,Smith,186,Teller,1977-09-23,516 John Vista Suite 215,Lake Darrellchester,ME,19531,F
228,Paul,Smith,57,Manager,1964-08-22,35084 Julian Forest,New Amandabury,OK,18451,F
229,Keith,Wyatt,484,Analyst,1958-10-04,00416 Lisa Island,North Dylan,MN,9842,M
230,Nicholas,Cortez,361,Clerk,1969-04-15,463 Elizabeth Ridges Suite 348,North Aarontown,MH,16031,F
231,Nicole,Hill,476,Analyst,1971-03-15,4278 Foley Crossing Suite 738,Manuelville,DC,72067,M
232,Kaylee,Bullock,,Clerk,1997-03-30,1239 Hubbard Parks Apt. 554,South Melissa,SC,6479,M
233,Kathryn,Burnett,,Manager,1968-01-08,36024 Graham Street Suite 467,Thomasstad,CA,58374,M
234,Cristian,Murray,51,Teller,1968-09-14,715 Trujillo Throughway,Schmidtbury,NJ,87608,F
235,Jennifer,Robinson,213,Analyst,1978-06-20,4380 Pamela Hill Apt. 485,Powersfurt,AR,21734,F
236,Anna,Cook,217,Clerk,1967-12-29,862 Lopez Path Suite 076,Kingtown,NV,86052,F
237,Patricia,Vega,151,Teller,1993-06-10,1353 Alvarez Square,West Cassandra,IL,69839,F
238,Ryan,Gordon,496,Manager,1964-12-29,060 Holmes Pike Suite 932,Lake Matthewstad,WI,31344,F
239,Jordan,Reed,453,Teller,1979-05-17,892 Gonzalez Manor,West Caitlynmouth,NE,34235,M
240,Kimberly,Edwards,228,Teller,1957-03-09,7078 Porter Junction Suite 426,New Janettown,IA,69571,F
241,Jordan,Bruce,341,Analyst,2003-05-08,62732 Jasmin Extensions Apt. 711,Port Stevenstad,SD,64738,F
242,Ronald,Martinez,23,Analyst,1987-02-22,62042 Wilson Grove Suite 983,West Gregoryville,PW,56184,M
243,Stephanie,Smith,44,Manager,1996-05-28,02698 Cody Grove,Lake Raymond,NM,10650,F
244,Bruce,Payne,99,Analyst,1987-04-01,7031 Bradshaw Mission,West Ginaton,LA,76955,M
245,James,Lopez,366,Manager,1976-07-17,44693 Michelle Mill Apt. 947,Wernerside,AL,71270,F
246,Jeffrey,Hart,350,Clerk,1956-02-17,4025 Rodriguez Rapids Apt. 932,Haynesfort,HI,71400,F
247,Michelle,Moore,,Teller,1972-08-14,3504 Brown Village,Higginsmouth,MO,85158,M
248,Mark,Jackson,,Analyst,1959-02-21,453 Baker Summit,Andrewtown,NY,72083,F
249,Ryan,Cabrera,,Manager,1955-02-13,756 Gene Plains Apt. 192,East Jacobland,MN,39729,M
250,Nicole,Allen,,Manager,1992-07-19,4890 Glenn Estate,Susanbury,IL,23217,M
251,Adam,Jackson,,Manager,2002-03-08,02555 Daniel Stream Apt. 545,East Melissashire,NY,73165,M
252,Lindsey,Mitchell,202,Analyst,1959-07-29,333 Kelly Gateway,Ellisonshire,NE,17836,F
253,Adrian,Medina,,Analyst,1975-02-18,831 Marie Turnpike Suite 412,South Kimberlyfurt,MD,80681,F
254,Carolyn,Anderson,238,Teller,1961-10-22,23763 Timothy Inlet,Joshualand,AL,50823,M
255,Ian,Hampton,,Analyst,1973-01-03,193 Peterson Underpass Apt. 922,Griffinbury,CT,63627,F
256,Nathan,Sharp,361,Manager,1974-01-07,4752 King Cove,Lake Anthony,RI,56301,F
257,David,Stokes,,Analyst,1994-06-19,09928 Stewart Dam,Bruceburgh,VT,14380,M
258,Bryan,Vazquez,,Analyst,2003-04-13,0514 Jennifer Dam Apt. 914,Lake Maureen,NC,58384,M
259,Todd,Garza,366,Manager,1968-07-18,7925 Heath Drives,New Amyview,SC,89027,M
260,Manuel,Huynh,418,Manager,1961-07-24,204 Vasquez Meadows,Waltersshire,ID,27891,F
261,Nicole,Todd,,Clerk,1972-10-24,1590 Matthew Stravenue Suite 640,Danastad,WA,69614,M
262,Alyssa,Gallegos,,Clerk,1995-12-02,6726 Andrew Pass,Raymondberg,TN,77112,M
263,Kimberly,Cox,498,Teller,1990-06-23,551 Jackson Estate,East Molly,AL,99457,F
264,Daniel,White,444,Analyst,1977-04-24,47286 Brianna Glen Apt. 012,East Sandra,CO,38180,F
265,Ashley,Thompson,,Clerk,1988-07-11,96627 Dennis Locks,West Samanthamouth,MH,7397,F
266,Sydney,Ward,133,Analyst,1961-02-13,17400 Christina Causeway,New Jeffreystad,WV,26819,F
267,Amber,Thompson,135,Teller,2004-02-08,7119 Patrick Avenue,South Tammyhaven,FL,60978,F
268,Todd,Johnson,150,Analyst,1984-11-15,6160 Cantrell Ways Apt. 643,Alexshire,MD,30420,M
269,Steven,Gonzalez,,Clerk,2000-05-08,76231 Tonya Flat Suite 109,Justinland,NE,39779,F
270,Derrick,Gonzalez,187,Analyst,1987-06-20,5441 Steve Mountain,Barrettfurt,NC,47950,F
271,Thomas,Fisher,,Manager,1995-02-07,3494 Cindy Cape,Nicholeland,NJ,43465,M
272,Michele,Garcia,,Teller,1966-04-13,17999 Gerald Square Apt. 024,South Kyle,WI,35539,F
273,Christian,Crawford,39,Manager,1958-10-25,5653 Armstrong Mission,East Michaelport,WI,70764,F
274,Mike,Perez,,Analyst,1988-03-30,8904 Thompson Path,Grossview,CA,86069,F
275,Alexander,Bernard,,Clerk,1957-10-20,85574 Christopher Stream Suite 359,Port Laurenshire,WI,29385,M
276,Thomas,Jones,473,Analyst,1958-07-17,47614 Stanley Pike Suite 437,South Jessicaland,ND,99125,F
277,Shannon,Pearson,,Analyst,1972-06-03,4672 Fischer Lodge Apt. 541,Lisashire,AZ,8340,M
278,Edward,Alvarez,,Manager,1986-09-12,108 Cook Square,Santosside,MS,3179,F
279,Kelly,Young,,Manager,1957-06-28,0503 Sean Manors Apt. 306,Newmanborough,AK,53526,M
280,Thomas,Moody,294,Analyst,1963-09-22,222 Jenkins Walks,Pruittview,WI,11154,M
281,Christina,Wise,,Analyst,1990-05-26,865 Wayne Isle Apt. 673,Harrisburgh,UT,68007,F
282,Heather,Oneill,210,Analyst,1981-06-21,0550 Duncan Dam Apt. 704,Hubbardland,ND,53122,F
283,Felicia,Ramos,165,Clerk,1997-03-02,3201 Hines Ports Apt. 739,Port Mary,PW,81203,M
284,Christopher,Carney,484,Teller,1974-07-27,1826 Church Trafficway,Port Linda,NH,12354,M
285,Stephen,Rocha,28,Clerk,1971-06-05,649 Jackson Radial,Ericborough,VT,91655,F
286,Brittany,Mcdaniel,244,Teller,1995-08-20,35490 Justin Trail,Colefurt,PA,24045,M
287,Bryan,Morgan,,Analyst,1978-01-15,05498 Susan Groves Apt. 884,Port Brian,FL,91430,F
288,Erika,Yang,131,Manager,1984-07-31,816 Shaw Avenue Suite 643,West Nicolehaven,OR,99539,M
289,Katherine,Morse,63,Clerk,1982-12-13,4928 Mark Flats,Hamptonville,NJ,7631,M
290,Sharon,Madden,,Analyst,1964-10-07,407 James Passage Apt. 817,South Edward,GA,79227,M
291,Sonya,Pierce,,Clerk,1987-07-16,8500 Thomas Parkways Suite 927,Christopherchester,ND,787,M
292,Rodney,Vargas,,Manager,1973-09-19,961 Lauren Lodge,Andersonside,AZ,70019,M
293,Dennis,Smith,465,Clerk,1964-03-31,0263 Ramirez Forge,Leahfurt,SC,85823,F
294,Ivan,King,15,Clerk,1974-04-21,12042 Martin Wells Suite 369,New Christopherberg,IN,60601,M
295,Michael,Smith,106,Teller,1970-07-25,760 Chelsea Run Suite 024,South Lucas,WV,90902,F
296,Kyle,Bell,,Teller,1984-02-03,648 Holly Via,Clarkeview,TX,2633,M
297,Tara,Russo,54,Teller,1961-11-04,821 Sawyer Port Suite 738,Joshuafurt,MT,20459,M
298,Yolanda,Yu,,Manager,1960-05-14,0667 Campbell Cliffs,West Bonnie,OK,64018,F
299,Tammy,Wyatt,273,Manager,1998-04-15,04298 Lopez Loop,North Patrick,MO,10026,F
300,Tammy,Fry,47,Manager,2000-10-04,35699 Brianna Street Apt. 358,Grimesfurt,OH,67972,F
301,Steven,Simpson,,Analyst,1975-02-10,6041 Jonathan Extensions,New Staceyview,PA,32878,F
302,Cody,Gonzalez,425,Clerk,1961-08-30,122 Smith Avenue,West Kennethmouth,MO,19741,F
303,Mary,Ramsey,,Clerk,1982-07-28,3049 Jeff Crest,East Zacharyshire,NM,42627,M
304,Edwin,Reid,16,Clerk,2003-07-03,09986 Wall Lights Suite 224,West Christineberg,AR,68473,M
305,Ian,Rogers,,Manager,1991-10-19,97669 Cindy Green,Martinezshire,MH,71961,M
306,Samantha,Werner,,Teller,1980-11-02,568 Natasha Corner,Hopkinsbury,SC,865,M
307,Shane,Ortiz,195,Clerk,1964-06-28,695 Hernandez Track,Melissatown,ME,32994,M
308,Laura,Parker,430,Teller,1962-09-12,25313 Guerrero Island Suite 100,Henryborough,SD,22725,M
309,Charles,Ewing,7,Teller,1960-09-08,36192 Dwayne Isle Apt. 938,Leemouth,AZ,25388,F
310,Kenneth,White,292,Clerk,1980-08-30,4748 Kimberly Park Suite 078,Clinebury,MD,9110,F
311,Sandra,Dyer,397,Clerk,1960-08-20,5191 Soto Spurs Suite 173,Port Amanda,MI,10784,M
312,Joseph,Reyes,,Teller,1985-03-30,91858 Maxwell Plains Apt. 157,Josephfurt,TN,48439,M
313,John,Estrada,,Analyst,1964-12-30,77004 Briana Village Apt. 454,New Joshuatown,WV,33091,M
314,Cassandra,Kramer,,Clerk,1998-02-09,18039 Long Estates,East Willieside,OH,52843,M
315,Gabrielle,Ramirez,67,Analyst,1997-09-04,788 Edward Islands,New Heidi,CO,50588,F
316,Justin,Kim,,Manager,1966-07-26,35623 Sarah Rapids,Evanstown,NY,66984,F
317,Rachel,Gill,,Manager,1981-11-06,0898 Riddle Canyon Apt. 019,New Maryport,IN,10837,F
318,Christopher,Becker,,Analyst,1994-10-09,6115 Spencer Points,West Frankfurt,IA,24942,F
319,Dominique,Rodriguez,,Manager,1960-03-05,47220 Perez Mountains Apt. 774,Jenniferport,NJ,95712,F
320,Helen,Tyler,492,Manager,2004-10-20,317 Keith Summit,Port Christinamouth,VA,32466,M
321,Barbara,Fisher,149,Teller,1967-11-28,6262 Mark Trace Suite 053,East Kaitlynland,WA,70574,F
322,Kevin,Anderson,216,Manager,1999-02-09,703 Black Causeway Suite 063,South Randychester,PW,1597,M
323,Nathan,Anderson,,Teller,1987-12-06,640 Alex Forge,New Davidburgh,AR,97596,M
324,John,Johnson,391,Clerk,1986-06-18,09452 Katrina Mount Suite 979,Jesseville,OK,85601,F
325,Madison,Costa,,Teller,1998-07-31,98602 Bailey Via,Michaelmouth,KS,36330,M
326,Tina,Garza,339,Analyst,1980-11-20,54894 Frost Fork,North Angelaside,DE,94658,F
327,Amy,Price,,Clerk,1957-09-09,344 Sanders Lodge Apt. 295,North Trevor,NM,7360,M
328,Leslie,Russell,,Teller,2004-08-17,61624 Johnson Branch,Shaneberg,WV,55760,M
329,Rachel,Sullivan,,Analyst,1982-03-22,51585 Chad Flat,North Scottland,NE,65650,F
330,Lisa,Stewart,243,Teller,1981-05-10,8790 Anderson Glens,Charlesbury,OR,43282,M
331,Kyle,Bradley,150,Teller,1979-04-12,645 Colton Valleys,Heathermouth,OR,7633,F
332,Luis,Stevens,,Analyst,1979-11-14,898 Graham Summit,Melaniefurt,OR,28656,F
333,Russell,Price,,Clerk,1963-08-13,335 Baker Skyway,Fostertown,MN,90503,M
334,Taylor,Ingram,466,Manager,1960-10-07,771 Sanchez Avenue,New Jacobtown,PA,47671,M
335,Ryan,Allen,,Teller,1978-01-04,97323 Roberts Canyon,Port Ann,DC,42727,F
336,John,Martin,118,Clerk,1992-12-21,6992 Martin Mountains Apt. 923,Deniseton,DC,31735,F
337,Gina,Smith,,Analyst,1965-10-22,0169 Jeremy Union,New Joshua,DC,28343,M
338,Suzanne,Simpson,218,Clerk,1973-09-07,982 Lauren Orchard,Loriland,MA,35723,F
339,Hannah,Martinez,,Clerk,2002-09-25,75699 James Forges Apt. 006,Traciborough,TX,20781,F
340,Jack,Chang,,Analyst,2003-11-01,77773 Sheila Mall,South Richardport,VA,63172,M
341,Anthony,Lang,38,Analyst,1971-02-10,85036 Matthew Island,New Wesley,ME,18231,M
342,Crystal,Miller,,Clerk,1962-07-02,740 Rachael Groves,Lake Deborahchester,NJ,99933,F
343,Michael,Jackson,262,Analyst,1961-11-25,2590 Greer Bridge Apt. 363,Cynthiafurt,WY,34890,F
344,Sonya,Daniel,29,Manager,1968-12-26,745 Brewer Fords Apt. 839,Goodmanside,VT,36912,M
345,Megan,George,414,Teller,1963-08-18,9860 Cervantes Bridge,Carlaborough,FL,55150,F
346,Kimberly,Kim,,Clerk,1994-09-21,23946 David Estate,Lake Michelleville,MA,81230,F
347,Keith,Cantu,179,Analyst,1989-05-14,0012 Kim Square,East Renee,MH,78040,F
348,Teresa,Warner,360,Teller,1972-07-12,4225 Espinoza Summit Suite 188,East Jamie,NC,84775,F
349,Amy,Webb,77,Clerk,1989-09-20,841 Boyd Lights Apt. 349,Richardmouth,WA,75861,F
350,Carol,Compton,471,Clerk,1968-03-20,0586 Hanson Port Suite 383,Port Christinemouth,FL,26889,M
351,Randall,Wilson,,Clerk,1976-05-25,261 Morales Avenue,South Marcusmouth,VA,59433,M
352,Gabrielle,Russell,76,Clerk,1956-12-08,7865 Walton Knolls Suite 512,Thomasview,AL,1398,M
353,Brian,Mills,386,Teller,1979-04-05,682 Vega Knolls Apt. 665,Markberg,HI,34145,M
354,Michelle,Green,218,Teller,1998-12-23,0233 Barr Meadow Apt. 835,Camacholand,NV,3106,F
355,Susan,Russell,97,Manager,1962-11-28,442 William Loop,East Brandonmouth,VA,6859,F
356,Amber,Fitzgerald,,Analyst,1981-10-05,94134 Brandy Meadows,Port Catherinefort,MH,75979,M
357,Natalie,Taylor,485,Clerk,1983-01-19,2841 Michael Ridge Suite 804,Robinmouth,IL,46892,F
358,Karen,Gray,444,Analyst,1959-03-21,8095 Bowman Fork Suite 059,East Dianechester,AL,22597,M
359,Jennifer,King,406,Teller,1955-12-06,031 Pruitt Rapid,West Abigail,RI,2802,M
360,Taylor,Richard,221,Teller,1983-05-04,31977 Mitchell Mews,Coxstad,DE,86524,F
361,Kyle,Palmer,166,Analyst,1960-09-13,482 Adam Pike Apt. 958,Hortonview,CT,75284,M
362,Robert,Sanchez,,Manager,1973-08-24,60586 Martin Manor,Carterhaven,IL,13432,F
363,Melinda,Ramos,50,Teller,1987-12-23,6293 Nathan Valleys,South Amberberg,LA,19726,M
364,Olivia,Morrow,,Manager,1997-04-10,469 Sarah Drives Apt. 272,Lake Thomas,NV,82378,M
365,Wayne,Riley,476,Clerk,1992-05-09,37900 Stewart Groves,Brownside,KY,61582,M
366,Tracey,Carpenter,,Clerk,2001-12-07,76755 Brittney Club Apt. 737,West Brandymouth,NM,79475,M
367,Brian,Carpenter,,Clerk,1974-12-01,962 Serrano Fords Suite 887,Harristown,FL,2715,M
368,Gina,Ross,,Clerk,2004-01-29,96121 Crystal Isle,New Natalieside,CT,20776,M
369,Sarah,Holland,218,Clerk,1967-03-03,182 Deborah Overpass Apt. 669,Port Davidmouth,OR,17796,M
370,Jeffrey,Maxwell,,Manager,1958-09-03,8933 Whitehead Pass,Stanleymouth,AZ,32300,M
371,Jennifer,Williams,,Clerk,1962-01-03,7896 Wendy Field Suite 570,Ramosville,WI,22889,F
372,Mary,Barrett,,Clerk,1977-12-26,55505 Lowe Bypass,Davidland,NC,63211,M
373,Christine,Lowe,,Analyst,1979-05-11,444 Larry Pass,North Teresa,ME,8875,F
374,Kyle,Webb,255,Clerk,1996-08-19,123 Rosales Flat,Nicholsmouth,DE,43007,F
375,Courtney,Long,435,Analyst,1960-01-31,097 Williamson Plain,Port Nicolebury,SC,40157,F
376,Linda,Burton,,Manager,1992-07-14,8446 Andrews Hill Apt. 366,Lisaland,NE,29065,F
377,Sharon,Austin,,Analyst,1961-08-31,78315 Diaz Squares Apt. 927,North William,OH,97892,M
378,Jared,Johnson,296,Analyst,1959-09-09,8542 Jeremy Hills,South Melissastad,CA,72589,F
379,Michael,Rodgers,,Clerk,1967-01-17,660 Lozano Hills,Laurafort,VT,33872,F
380,Paul,Acosta,,Analyst,1977-10-27,958 Santos Road Suite 491,Browntown,MA,2221,M
381,Stacy,Merritt,193,Teller,1980-08-19,169 Debbie Heights,East Kristinport,PW,36343,M
382,Elizabeth,Hughes,286,Teller,1992-06-15,948 Heather Valleys,Robertsberg,OR,94737,M
383,Michele,Herrera,,Analyst,1961-07-01,330 Roger Walk Suite 099,Mannburgh,DE,73616,M
384,Pamela,Perry,8,Teller,1960-06-08,1966 Graham Club Apt. 256,West Gordon,AZ,18120,M
385,Laura,Massey,357,Teller,1982-03-15,349 Charles Fords,Stantonside,IN,55679,M
386,Tracy,Williamson,,Manager,1956-12-11,77915 Cynthia Harbor,Martinezport,AK,81343,F
387,Frank,Sanchez,,Manager,1971-11-13,74656 Taylor Valleys Suite 018,Sanchezberg,MS,29098,F
388,Carl,Richards,,Teller,1980-04-17,695 Aguilar Estate Apt. 776,Lisaport,PA,6396,F
389,Anthony,Ho,,Analyst,1969-10-08,25513 Chan Springs Suite 867,East Amanda,ND,30476,M
390,Ashley,Turner,429,Analyst,1991-12-17,14546 Nathaniel Orchard,Bettyborough,FL,47372,F
391,Christopher,Green,122,Manager,1963-11-11,879 Lewis Dale Apt. 409,Justinmouth,NM,85780,F
392,Ryan,Davis,115,Manager,1955-08-01,85800 Jennifer Plain,Hannaland,ME,27518,F
393,Brandi,Nguyen,336,Clerk,1992-11-14,3678 Jackson Cove,South Laurenland,OH,60283,M
394,Connor,Gilbert,,Manager,1993-02-08,856 Anderson Trace Suite 068,East Michelleshire,TN,26443,M
395,John,Stokes,,Clerk,2002-03-22,4230 Johnson Ferry,North Jackson,NY,57089,F
396,Morgan,Davila,222,Analyst,1996-08-07,052 Keith Court Apt. 420,Ortizton,CT,41793,F
397,Charles,Flores,,Teller,1983-03-08,16633 David Walk,West Benjamin,MD,30923,M
398,Misty,Matthews,49,Teller,1995-05-17,205 Taylor Burgs,Lake Jocelynton,CA,15426,M
399,Katherine,Scott,,Analyst,1973-01-14,39133 Michael Path Suite 132,Lake Carla,MA,54466,F
400,Erin,Cook,185,Teller,1959-05-29,2864 Lynch Meadow,East Josephhaven,NE,56783,M
401,James,Thompson,487,Manager,1971-10-01,953 Christensen Roads,Weberbury,KY,87253,M
402,Ashley,Walsh,124,Clerk,1970-02-03,97356 Matthew Fall Suite 655,West Tonyfurt,GA,48962,F
403,Kristin,Brennan,415,Teller,1982-07-11,664 Joseph Tunnel,Jeffreyfurt,OR,91985,M
404,Nathan,Roberts,,Analyst,1983-05-01,6653 Clark Prairie Suite 298,Julieberg,LA,27049,F
405,Natalie,Mann,442,Manager,1955-12-27,9241 Wells Estate Suite 638,West Joseph,TN,38068,F
406,Robert,Murphy,131,Teller,1996-11-20,90616 Kenneth Mountains Apt. 998,South Colebury,TX,66049,F
407,Christopher,Long,,Clerk,1988-12-06,710 Andrew Valley,South David,AR,62305,M
408,Hayley,Hampton,,Teller,1961-05-26,48967 Angela Dam,Dennisshire,IL,15944,F
409,David,Martinez,10,Teller,1980-06-23,3947 White Row Suite 292,Kirbyport,MI,98890,F
410,Richard,Stark,383,Teller,1971-04-27,172 Smith Locks,Williamland,TN,14897,F
411,Hunter,Gutierrez,168,Clerk,2002-05-29,497 Christine Mission Apt. 683,West Jeffrey,DE,4808,M
412,Daniel,Price,,Analyst,1972-09-22,9016 Ashley Groves,Port Karenborough,IN,30860,M
413,Joseph,Nelson,357,Manager,1955-02-06,673 Ferguson Courts Suite 098,Christopherton,CA,57407,M
414,Tristan,Robinson,330,Teller,1990-11-21,8116 Theresa Prairie,Port Angelport,SD,21675,M
415,Patricia,Johnson,318,Clerk,1998-07-15,1680 Nancy Rapids Apt. 342,Port Kaylaview,NY,97850,F
416,Sarah,Turner,290,Teller,1956-11-21,03531 Brown Neck Apt. 791,New Patrick,CO,42958,M
417,Kristin,Garcia,371,Teller,1975-05-18,1321 Howe Viaduct,East Kevinmouth,TN,1065,M
418,Evan,Cantu,,Teller,2000-09-30,1128 Rosales Hills,Derrickfort,UT,10342,M
419,Kendra,Lawson,,Analyst,1969-09-29,8576 Dalton Field Apt. 381,Lake Victorville,TN,50170,M
420,David,Lane,180,Analyst,1978-04-18,32154 Charles Freeway Apt. 535,South Candicechester,TN,24820,F
421,Paul,Russell,293,Clerk,1977-05-25,5252 Singh Club Apt. 254,Leland,VT,61651,M
422,Brandy,Harper,35,Clerk,1961-09-07,856 Munoz Parkways Apt. 005,New Veronicamouth,NE,59669,M
423,Michael,Alvarado,229,Teller,1956-01-13,55842 Shane Stream Apt. 726,Andersonstad,MO,48598,M
424,Anthony,Reyes,,Teller,1982-02-17,0014 Rodriguez Forges,Port Nicholaschester,HI,34668,M
425,Billy,Graves,259,Analyst,1961-06-05,00668 Emily Unions Apt. 728,North Thomas,GA,25689,M
426,Walter,Rodriguez,485,Analyst,1956-03-28,223 Andrea Falls Apt. 824,New Joshuamouth,FL,69446,F
427,James,Cooke,450,Clerk,1962-10-22,04108 Chavez Unions Apt. 351,East Michaeltown,MH,41712,F
428,James,Coffey,,Manager,1970-07-15,28920 Roberts Route Suite 780,Warrentown,DC,71338,M
429,Andre,Jones,,Clerk,1970-06-06,94534 Christina Well Apt. 814,Terrencechester,FM,60025,M
430,Keith,Stephenson,40,Analyst,1960-12-10,021 Andrew Forges,Tylerside,SD,93610,F
431,Tammy,Nunez,326,Teller,1969-01-24,8912 Jeffrey Shore,Kingbury,MH,94937,M
432,Richard,Johnston,306,Teller,2002-10-25,8557 Vargas Inlet Apt. 842,Port Robertchester,OK,84076,F
433,Brandon,Evans,138,Teller,1985-07-16,986 Nicholas Stream,South Martinmouth,IA,31110,F
434,Shaun,Hill,354,Manager,1977-12-07,16527 Davis Fork Suite 814,East Michaeltown,NY,37247,M
435,James,Sharp,,Manager,1993-07-08,964 Turner Trail,Heathburgh,MD,1700,F
436,Amanda,Leonard,,Manager,1997-07-28,242 Kevin Avenue,West Christopherberg,ME,14998,M
437,Jennifer,Peterson,,Clerk,1963-01-29,158 Stewart Haven Apt. 627,Smithview,GA,48856,M
438,Shannon,Allen,,Analyst,1962-10-03,29594 White Forges,West Danielleberg,NC,51209,F
439,Jeremy,Ramirez,379,Teller,1992-01-06,662 Scott Courts,Phillipsburgh,PA,18698,F
440,Maria,Johnson,331,Analyst,1982-08-28,7821 Cohen Ramp,South Patrick,IL,62739,M
441,Michele,Flowers,,Teller,1985-12-18,25031 Brenda Parkway Apt. 485,East Edwardchester,CT,88505,M
442,Brenda,Rodriguez,,Manager,1984-02-26,335 Tracy Oval,New Bryanton,SD,3342,F
443,Ivan,Perkins,273,Analyst,1964-12-03,1622 Bennett Stravenue Suite 718,Michaelport,AL,95802,F
444,Shannon,Bright,,Manager,1968-01-19,04532 Christopher Lights,Owensside,WI,10392,F
445,Justin,Bennett,,Analyst,1977-08-08,437 Kimberly Crest Suite 539,North Elizabethfort,NE,55645,M
446,Jennifer,Morgan,258,Analyst,1989-07-09,76120 Angela View Suite 780,Bateston,FL,17808,F
447,John,Leonard,,Analyst,1981-08-25,8706 Chen Ford Suite 322,Lake Tom,ND,47127,F
448,Brenda,Jones,63,Clerk,1975-03-20,8485 Walker Parks,North Justinberg,PA,41338,F
449,James,Williams,342,Analyst,1973-01-25,5398 Morgan Squares,East Douglaschester,MI,79070,M
450,Donna,Shaw,,Manager,1962-12-31,9327 Garcia Shoals Apt. 765,West Paulahaven,DC,5906,M
451,Clinton,Maxwell,299,Analyst,1996-01-27,5266 White Mills,Port Paige,CA,19440,M
452,Tony,Holder,72,Analyst,1957-12-22,3375 Edwards Terrace Suite 976,Allisonhaven,LA,77660,M
453,Ronald,Martin,,Teller,2003-02-10,510 Russell Dam Suite 069,New Robert,MS,70471,M
454,Sarah,Trevino,423,Clerk,1955-01-10,062 Liu Station,Whitebury,WA,42388,M
455,Jacqueline,Austin,,Teller,1969-06-24,4212 Kevin Ways,Rachelburgh,FL,26175,F
456,Kelly,Snyder,490,Manager,1981-04-15,5797 Nathaniel Way,Helenton,NH,3676,M
457,James,Santos,169,Analyst,1996-03-05,47823 Sean Street,Lake Brian,OK,92083,M
458,Jacqueline,Stewart,256,Clerk,1981-02-17,6706 Richard Forges Apt. 863,North Carlosberg,WY,20364,M
459,Anthony,Avery,2,Manager,1964-11-20,848 Martinez Viaduct,Kerriside,IL,27317,M
460,Victoria,Lewis,,Manager,1976-08-13,960 Sheena Spurs Suite 713,Smithmouth,SC,89260,M
461,Jon,Lowery,,Manager,1957-03-05,208 Stark Harbors Apt. 132,Christyland,OK,28701,F
462,Neil,Summers,436,Teller,1990-02-23,15461 Cooper Pines,New Natalieborough,NC,96674,M
463,William,Fowler,388,Teller,1988-04-24,4104 Joseph Circles,Richardhaven,MA,10442,M
464,Gloria,Bass,,Teller,1962-07-24,148 Thomas Mount,Michaelton,ID,6014,F
465,Claudia,Smith,90,Clerk,1974-03-16,564 Rodriguez Ville Suite 840,New Benjaminmouth,WY,86622,M
466,Curtis,Merritt,,Teller,1963-05-25,1611 Black Loaf,Pollardhaven,NE,15288,M
467,Christopher,Duncan,,Analyst,1957-06-26,5983 Ernest Circles Suite 050,Taraside,IL,49643,M
468,Jake,Kelly,,Clerk,1963-04-27,565 Thornton Plains,Johnbury,IA,76326,F
469,Diana,Townsend,98,Teller,1971-06-29,2662 Taylor Trail,Rogerston,CA,89802,F
470,Mark,Olsen,90,Manager,1971-04-11,8793 Lisa Trail Apt. 028,Jamesmouth,HI,63283,F
471,Karen,Jordan,363,Analyst,1973-03-02,5150 Luis Well,Sherrychester,CT,31768,M
472,Adam,Stephens,74,Manager,1976-08-10,89720 Cannon Fork,South Laura,NJ,60254,M
473,Samantha,Clements,334,Teller,1971-12-10,84252 Delgado Loaf,North Kimberly,AR,1630,F
474,Scott,Miller,359,Manager,1995-07-26,24234 Burns Springs,West Joannefort,MH,91168,M
475,Eileen,Duke,131,Analyst,1966-09-06,619 Rodriguez Lakes,Baileyfurt,MO,60172,M
476,Richard,Williams,402,Clerk,1983-09-04,334 Smith Ridges Suite 224,Lake Noah,VT,48280,F
477,James,Ellis,459,Clerk,1974-07-19,221 Kathleen Gardens,South Andrewport,NJ,88550,M
478,John,Williams,78,Clerk,2003-06-25,7911 Johnson Squares,North Chadberg,MT,1669,M
479,Anthony,Johnson,130,Manager,1968-01-06,8934 Browning Rapid Suite 833,Keithhaven,VT,27635,M
480,Michael,Kline,225,Manager,1964-02-17,49679 Loretta Lights,Lake William,MT,83544,M
481,Paul,Campbell,459,Manager,2001-08-03,03172 Henderson Drive,West Philip,MA,35086,F
482,Michele,Vargas,58,Manager,1971-04-11,724 Benjamin Bypass,North Amy,TN,7006,M
483,Christopher,Estrada,261,Analyst,1999-07-10,51908 Ramirez View Apt. 716,Lake Brian,SD,91736,F
484,Jessica,Mcneil,317,Clerk,1974-08-08,3693 Christopher Centers Apt. 090,North Angela,NC,15437,M
485,Jessica,Pacheco,,Clerk,1966-08-24,028 Matthew Harbors Apt. 589,New Felicia,RI,97441,M
486,Jerry,Mclean,176,Analyst,1993-11-12,766 John Mall,Jacksontown,NY,11294,F
487,Donald,Taylor,441,Clerk,1966-01-07,159 Chan Square Suite 705,North Victoria,CO,5263,M
488,Tiffany,Becker,,Manager,1980-04-18,309 Crawford Flats,Montgomeryport,DC,12908,M
489,Angela,Archer,,Teller,2003-07-16,69376 Holland Throughway Apt. 676,Vaughnville,NY,65413,F
490,Timothy,Kane,492,Manager,1966-09-17,883 Mcintosh Meadows,Angelfurt,WI,84371,M
491,Evan,Glass,,Clerk,1965-01-02,226 Graham Passage,New Hollyborough,NV,84856,M
492,Randy,Herring,488,Teller,1999-02-24,28989 Steven Prairie Apt. 598,East Marcusfort,NJ,61430,M
493,Edwin,Morris,,Teller,1954-11-26,4083 Moyer Place Apt. 501,Davidmouth,CT,51295,F
494,Mark,Arnold,,Clerk,1981-10-10,129 Dillon Keys,New Amandaland,SD,15462,F
495,Mckenzie,Parker,,Manager,1974-04-22,05009 Jose Ranch Apt. 878,Baileymouth,AR,82612,F
496,Jesse,Smith,,Teller,1977-08-26,301 Jessica Drive,Cynthialand,SD,66977,F
497,Peter,Garrett,184,Clerk,1955-07-12,2906 Hernandez Falls Apt. 336,Port David,OH,2555,M
498,Patrick,Tanner,,Analyst,1966-01-31,3024 Rebecca Run,Taylorshire,NV,48143,F
499,John,Landry,,Analyst,1992-10-27,57144 Shah Ranch Suite 674,Lake Omarfort,WY,27800,M
500,Michael,Torres,254,Teller,1971-11-01,45146 Kemp Plain Suite 583,Williamport,OH,97679,F
